puzzle,path,generated,expanded,close,open
Jam-1,8,123,10,10,88
Jam-1,8,150,13,13,96
Jam-1,8,110,9,9,81
Jam-1,8,112,9,9,80
Jam-1,8,143,12,12,96
Jam-1,8,92,8,8,68
Jam-1,8,140,12,12,93
Jam-1,8,138,12,12,90
Jam-1,8,129,11,11,88
Jam-1,8,111,9,9,81
Jam-1,8,139,12,12,92
Jam-1,8,100,8,8,75
Jam-1,8,135,12,12,89
Jam-1,8,136,12,12,88
Jam-1,8,103,9,9,75
Jam-1,8,137,12,12,89
Jam-1,8,138,13,13,88
Jam-1,8,151,13,13,94
Jam-1,8,148,13,13,94
Jam-1,8,126,11,11,86
Jam-1,8,123,10,10,86
Jam-1,8,148,13,13,93
Jam-1,8,141,12,12,94
Jam-1,8,120,10,10,85
Jam-1,8,126,11,11,86
Jam-1,8,139,12,12,92
Jam-1,8,147,13,13,92
Jam-1,8,115,10,10,81
Jam-1,8,126,11,11,86
Jam-1,8,115,10,10,81
Jam-1,8,142,12,12,95
Jam-1,8,132,11,11,91
Jam-1,8,104,9,9,76
Jam-1,8,112,10,10,80
Jam-1,8,119,10,10,84
Jam-1,8,112,9,9,81
Jam-1,8,121,10,10,86
Jam-1,8,152,13,13,98
Jam-1,8,108,9,9,78
Jam-1,8,135,12,12,89
Jam-1,8,152,13,13,98
Jam-1,8,94,8,8,70
Jam-1,8,143,12,12,94
Jam-1,8,108,9,9,77
Jam-1,8,115,10,10,82
Jam-1,8,141,12,12,92
Jam-1,8,114,10,10,81
Jam-1,8,149,13,13,93
Jam-1,8,148,13,13,93
Jam-1,8,131,11,11,89
Jam-1,8,95,8,8,69
Jam-1,8,97,8,8,72
Jam-1,8,133,11,11,92
Jam-1,8,130,11,11,90
Jam-1,8,132,11,11,91
Jam-1,8,116,10,10,81
Jam-1,8,105,9,9,76
Jam-1,8,105,9,9,75
Jam-1,8,137,12,12,89
Jam-1,8,104,9,9,75
Jam-1,8,102,8,8,75
Jam-1,8,94,8,8,70
Jam-1,8,153,13,13,97
Jam-1,8,119,10,10,82
Jam-1,8,106,9,9,77
Jam-1,8,102,8,8,75
Jam-1,8,138,12,12,92
Jam-1,8,145,13,13,92
Jam-1,8,122,10,10,87
Jam-1,8,95,8,8,68
Jam-1,8,124,11,11,83
Jam-1,8,146,13,13,93
Jam-1,8,102,8,8,75
Jam-1,8,127,11,11,86
Jam-1,8,114,10,10,80
Jam-1,8,112,9,9,82
Jam-1,8,102,8,8,75
Jam-1,8,121,10,10,86
Jam-1,8,132,12,12,86
Jam-1,8,137,12,12,91
Jam-1,8,144,12,12,96
Jam-1,8,146,13,13,90
Jam-1,8,116,10,10,81
Jam-1,8,101,9,9,70
Jam-1,8,99,8,8,73
Jam-1,8,113,10,10,79
Jam-1,8,115,10,10,81
Jam-1,8,135,11,11,94
Jam-1,8,113,10,10,79
Jam-1,8,127,11,11,88
Jam-1,8,114,10,10,79
Jam-1,8,93,8,8,69
Jam-1,8,117,10,10,80
Jam-1,8,120,10,10,85
Jam-1,8,135,11,11,93
Jam-1,8,153,13,13,97
Jam-1,8,128,11,11,88
Jam-1,8,117,10,10,80
Jam-1,8,142,13,13,86
Jam-1,8,154,13,13,99
Jam-11,29,4059,501,501,119
Jam-11,28,3988,490,490,106
Jam-11,28,4006,494,494,98
Jam-11,29,4014,494,494,115
Jam-11,27,4008,493,493,114
Jam-11,28,4031,496,496,114
Jam-11,29,4076,503,503,125
Jam-11,27,3955,485,485,104
Jam-11,28,4002,493,493,101
Jam-11,28,4011,493,493,121
Jam-11,28,4032,496,496,116
Jam-11,29,4024,496,496,111
Jam-11,29,4062,502,502,120
Jam-11,28,4005,493,493,113
Jam-11,28,3947,484,484,102
Jam-11,28,3963,487,487,106
Jam-11,28,4003,493,493,103
Jam-11,27,3976,489,489,92
Jam-11,28,4000,493,493,108
Jam-11,27,3977,489,489,109
Jam-11,29,3997,493,493,99
Jam-11,29,4043,499,499,122
Jam-11,27,3969,488,488,104
Jam-11,28,3973,487,487,113
Jam-11,27,3974,489,489,90
Jam-11,28,3995,491,491,106
Jam-11,27,3999,492,492,103
Jam-11,28,3993,490,490,110
Jam-11,27,3975,489,489,93
Jam-11,29,4005,493,493,118
Jam-11,27,3982,490,490,96
Jam-11,29,4026,496,496,110
Jam-11,27,4015,494,494,109
Jam-11,28,3999,492,492,106
Jam-11,28,3988,490,490,103
Jam-11,27,3970,487,487,101
Jam-11,27,3968,487,487,109
Jam-11,27,3977,489,489,104
Jam-11,27,4017,495,495,101
Jam-11,28,3996,492,492,112
Jam-11,28,3980,490,490,107
Jam-11,28,4002,492,492,114
Jam-11,28,4037,497,497,114
Jam-11,27,3984,491,491,94
Jam-11,29,4053,500,500,120
Jam-11,29,4031,498,498,116
Jam-11,27,3971,488,488,102
Jam-11,29,4012,493,493,124
Jam-11,28,3990,490,490,115
Jam-11,29,4067,502,502,128
Jam-11,28,3984,489,489,115
Jam-11,28,3987,491,491,105
Jam-11,27,3983,490,490,105
Jam-11,27,3952,486,486,93
Jam-11,29,4067,501,501,125
Jam-11,29,4087,504,504,126
Jam-11,27,3963,486,486,105
Jam-11,28,4000,491,491,116
Jam-11,28,3981,489,489,111
Jam-11,28,3992,490,490,118
Jam-11,27,3954,485,485,105
Jam-11,28,4023,495,495,112
Jam-11,29,4079,503,503,124
Jam-11,28,4003,492,492,109
Jam-11,29,4028,496,496,120
Jam-11,29,4010,493,493,119
Jam-11,29,4066,501,501,122
Jam-11,27,3965,486,486,107
Jam-11,28,3994,491,491,112
Jam-11,29,4053,499,499,123
Jam-11,27,3960,486,486,100
Jam-11,28,3994,491,491,113
Jam-11,29,4065,501,501,124
Jam-11,29,4046,499,499,117
Jam-11,29,4040,497,497,122
Jam-11,28,4019,495,495,119
Jam-11,28,4009,493,493,116
Jam-11,28,3996,492,492,104
Jam-11,28,3991,491,491,106
Jam-11,28,3987,491,491,97
Jam-11,28,4008,493,493,109
Jam-11,28,3990,491,491,108
Jam-11,29,4047,499,499,122
Jam-11,29,4024,496,496,119
Jam-11,29,4002,493,493,105
Jam-11,29,4038,498,498,115
Jam-11,28,4019,495,495,109
Jam-11,28,3986,490,490,102
Jam-11,29,4038,497,497,127
Jam-11,27,3951,486,486,89
Jam-11,28,4020,496,496,104
Jam-11,28,3976,489,489,95
Jam-11,28,4012,494,494,107
Jam-11,29,4033,497,497,124
Jam-11,28,4016,493,493,118
Jam-11,29,4053,499,499,129
Jam-11,28,3962,486,486,109
Jam-11,27,3970,488,488,97
Jam-11,28,3981,489,489,106
Jam-11,28,4033,497,497,112
Jam-12,17,2595,293,293,79
Jam-12,17,2607,294,294,85
Jam-12,17,7703,855,855,143
Jam-12,17,2602,294,294,81
Jam-12,17,2649,299,299,99
Jam-12,32,8084,904,904,123
Jam-12,17,2627,297,297,86
Jam-12,29,8100,905,905,136
Jam-12,17,7727,857,857,160
Jam-12,17,2595,293,293,79
Jam-12,32,8041,897,897,149
Jam-12,32,8167,913,913,143
Jam-12,17,2590,292,292,79
Jam-12,17,7700,854,854,152
Jam-12,17,2597,293,293,82
Jam-12,17,2624,296,296,95
Jam-12,17,2641,298,298,96
Jam-12,17,2627,296,296,97
Jam-12,32,8091,904,904,126
Jam-12,17,7711,856,856,144
Jam-12,17,2628,297,297,87
Jam-12,17,7724,857,857,153
Jam-12,17,2671,300,300,113
Jam-12,17,2615,295,295,84
Jam-12,17,2659,299,299,107
Jam-12,17,2624,296,296,88
Jam-12,17,2613,294,294,93
Jam-12,17,2601,293,293,83
Jam-12,32,8052,899,899,134
Jam-12,17,2665,300,300,109
Jam-12,17,2618,295,295,88
Jam-12,17,7746,859,859,164
Jam-12,17,2602,293,293,86
Jam-12,31,8066,901,901,132
Jam-12,17,2613,294,294,91
Jam-12,17,2672,301,301,109
Jam-12,17,2674,301,301,110
Jam-12,29,8111,905,905,157
Jam-12,17,2619,296,296,85
Jam-12,31,8099,906,906,126
Jam-12,17,7746,859,859,166
Jam-12,17,2626,296,296,93
Jam-12,17,2602,293,293,84
Jam-12,31,8119,908,908,138
Jam-12,32,8038,897,897,140
Jam-12,17,2650,298,298,103
Jam-12,17,2598,293,293,83
Jam-12,17,7705,855,855,146
Jam-12,17,2600,293,293,84
Jam-12,17,2620,296,296,90
Jam-12,17,2600,293,293,84
Jam-12,17,2606,294,294,84
Jam-12,17,2607,294,294,85
Jam-12,17,2608,294,294,87
Jam-12,17,2608,294,294,85
Jam-12,17,2621,296,296,83
Jam-12,17,2622,296,296,88
Jam-12,17,2604,294,294,84
Jam-12,17,2644,298,298,103
Jam-12,17,7718,856,856,156
Jam-12,17,7689,853,853,143
Jam-12,17,7701,855,855,148
Jam-12,17,2643,297,297,104
Jam-12,17,2679,301,301,114
Jam-12,29,8048,898,898,154
Jam-12,17,7743,858,858,167
Jam-12,17,2641,297,297,103
Jam-12,17,2641,297,297,103
Jam-12,17,2678,301,301,112
Jam-12,29,8100,905,905,135
Jam-12,17,2623,295,295,97
Jam-12,17,2604,294,294,81
Jam-12,17,2676,301,301,111
Jam-12,17,2614,295,295,89
Jam-12,17,7708,855,855,149
Jam-12,17,7711,856,856,144
Jam-12,17,2608,294,294,87
Jam-12,17,2603,294,294,83
Jam-12,17,2608,294,294,84
Jam-12,17,2611,294,294,89
Jam-12,29,8029,896,896,135
Jam-12,31,8093,905,905,126
Jam-12,17,2678,301,301,112
Jam-12,17,2641,297,297,101
Jam-12,17,7710,855,855,153
Jam-12,17,2627,297,297,89
Jam-12,32,8133,908,908,153
Jam-12,29,8071,901,901,139
Jam-12,17,2631,297,297,91
Jam-12,32,8077,902,902,134
Jam-12,31,8112,906,906,135
Jam-12,17,2624,296,296,92
Jam-12,17,2660,300,300,104
Jam-12,17,2593,292,292,81
Jam-12,17,2615,294,294,95
Jam-12,17,7697,854,854,145
Jam-12,17,7700,854,854,148
Jam-12,32,8087,903,903,135
Jam-12,17,7758,860,860,172
Jam-12,17,2651,298,298,105
Jam-13,18,4769,626,626,616
Jam-13,18,4694,616,616,630
Jam-13,18,4564,600,600,602
Jam-13,18,4672,613,613,607
Jam-13,18,4575,601,601,607
Jam-13,18,4633,609,609,616
Jam-13,18,4881,640,640,627
Jam-13,18,4597,604,604,610
Jam-13,18,4750,623,623,616
Jam-13,18,4599,604,604,615
Jam-13,18,4749,624,624,604
Jam-13,18,4661,612,612,625
Jam-13,18,4812,632,632,616
Jam-13,18,4638,609,609,613
Jam-13,18,4817,632,632,620
Jam-13,18,4645,610,610,605
Jam-13,18,4755,625,625,599
Jam-13,18,4798,631,631,591
Jam-13,18,4687,616,616,608
Jam-13,18,4594,604,604,611
Jam-13,18,4844,636,636,606
Jam-13,18,4753,624,624,614
Jam-13,18,4820,633,633,612
Jam-13,18,4720,621,621,592
Jam-13,18,4717,619,619,611
Jam-13,18,4604,605,605,616
Jam-13,18,4767,626,626,621
Jam-13,18,4718,620,620,618
Jam-13,18,4582,602,602,607
Jam-13,18,4606,606,606,597
Jam-13,18,4819,633,633,606
Jam-13,18,4752,622,622,645
Jam-13,18,4630,609,609,608
Jam-13,18,4748,623,623,631
Jam-13,18,4600,604,604,614
Jam-13,18,4819,633,633,622
Jam-13,18,4818,633,633,611
Jam-13,18,4647,611,611,609
Jam-13,18,4711,619,619,600
Jam-13,18,4683,614,614,634
Jam-13,18,4780,628,628,615
Jam-13,18,4827,634,634,611
Jam-13,18,4705,619,619,604
Jam-13,18,4921,645,645,635
Jam-13,18,4601,605,605,598
Jam-13,18,4614,607,607,594
Jam-13,18,4907,644,644,623
Jam-13,18,4699,616,616,632
Jam-13,18,4565,601,601,592
Jam-13,18,4799,630,630,612
Jam-13,18,4571,601,601,600
Jam-13,18,4703,617,617,607
Jam-13,18,4712,618,618,613
Jam-13,18,4770,627,627,619
Jam-13,18,4916,644,644,637
Jam-13,18,4669,613,613,612
Jam-13,18,4669,613,613,604
Jam-13,18,4607,606,606,596
Jam-13,18,4665,613,613,601
Jam-13,18,4755,625,625,617
Jam-13,18,4660,612,612,615
Jam-13,18,4641,611,611,587
Jam-13,18,4662,612,612,617
Jam-13,18,4721,620,620,603
Jam-13,18,4629,608,608,613
Jam-13,18,4842,635,635,628
Jam-13,18,4735,621,621,620
Jam-13,18,4665,613,613,594
Jam-13,18,4698,617,617,605
Jam-13,18,4679,615,615,599
Jam-13,18,4678,615,615,602
Jam-13,18,4579,602,602,607
Jam-13,18,4787,629,629,615
Jam-13,18,4618,608,608,583
Jam-13,18,4754,624,624,620
Jam-13,18,4570,601,601,599
Jam-13,18,4803,630,630,628
Jam-13,18,4729,621,621,610
Jam-13,18,4654,611,611,609
Jam-13,18,4672,614,614,596
Jam-13,18,4583,602,602,613
Jam-13,18,4600,605,605,602
Jam-13,18,4558,600,600,596
Jam-13,18,4660,612,612,605
Jam-13,18,4587,603,603,605
Jam-13,18,4719,619,619,619
Jam-13,18,4586,603,603,601
Jam-13,18,4541,598,598,588
Jam-13,18,4765,627,627,600
Jam-13,18,4604,606,606,597
Jam-13,18,4552,599,599,594
Jam-13,18,4636,609,609,617
Jam-13,18,4574,602,602,594
Jam-13,18,4882,641,641,608
Jam-13,18,4780,627,627,630
Jam-13,18,4684,616,616,604
Jam-13,18,4594,604,604,607
Jam-13,18,4684,615,615,616
Jam-13,18,4620,608,608,595
Jam-13,18,4549,599,599,590
Jam-14,19,4977,478,478,1015
Jam-14,20,4433,433,433,989
Jam-14,19,4321,424,424,902
Jam-14,20,5053,506,506,1080
Jam-14,20,4013,397,397,873
Jam-14,19,4002,393,393,881
Jam-14,20,4076,404,404,867
Jam-14,19,4306,436,436,910
Jam-14,20,3878,386,386,819
Jam-14,19,3860,382,382,828
Jam-14,19,4723,471,471,1021
Jam-14,20,4942,499,499,973
Jam-14,20,5125,513,513,1081
Jam-14,20,4119,407,407,902
Jam-14,19,4380,440,440,947
Jam-14,20,4649,449,449,1045
Jam-14,20,4813,483,483,1009
Jam-14,20,4067,403,403,875
Jam-14,20,4484,436,436,1022
Jam-14,20,4229,419,419,899
Jam-14,20,4695,455,455,1023
Jam-14,19,5500,541,541,1091
Jam-14,19,5004,504,504,910
Jam-14,19,4564,464,464,913
Jam-14,20,3888,386,386,837
Jam-14,20,4120,403,403,936
Jam-14,20,4536,456,456,996
Jam-14,20,5073,508,508,1034
Jam-14,20,4072,403,403,901
Jam-14,20,4320,420,420,987
Jam-14,20,5134,516,516,1000
Jam-14,20,4630,472,472,934
Jam-14,20,3911,389,389,836
Jam-14,20,5281,525,525,1143
Jam-14,19,4628,454,454,891
Jam-14,19,4205,409,409,927
Jam-14,20,4499,458,458,907
Jam-14,19,4288,421,421,921
Jam-14,20,4973,496,496,1072
Jam-14,20,5094,510,510,1061
Jam-14,19,4582,463,463,937
Jam-14,20,5502,547,547,1040
Jam-14,19,4415,427,427,1008
Jam-14,20,4804,484,484,963
Jam-14,20,4328,426,426,961
Jam-14,19,4692,470,470,1016
Jam-14,20,4403,448,448,893
Jam-14,19,4476,435,435,957
Jam-14,20,4300,418,418,996
Jam-14,20,4675,468,468,1004
Jam-14,20,5327,531,531,1048
Jam-14,19,4389,447,447,814
Jam-14,19,5134,508,508,1087
Jam-14,19,3863,380,380,840
Jam-14,20,4699,471,471,1031
Jam-14,20,4206,410,410,969
Jam-14,19,4695,457,457,984
Jam-14,19,4672,454,454,966
Jam-14,19,4198,429,429,839
Jam-14,20,3962,394,394,862
Jam-14,19,4056,399,399,887
Jam-14,20,4882,492,492,973
Jam-14,20,4697,470,470,1026
Jam-14,20,4282,438,438,891
Jam-14,19,4457,447,447,970
Jam-14,20,5694,559,559,1150
Jam-14,20,4256,414,414,968
Jam-14,20,4779,478,478,1041
Jam-14,20,4828,467,467,1043
Jam-14,20,4155,406,406,957
Jam-14,20,4487,437,437,1036
Jam-14,19,4556,459,459,974
Jam-14,19,3853,382,382,819
Jam-14,19,4501,450,450,970
Jam-14,19,3867,382,382,825
Jam-14,20,4831,485,485,1024
Jam-14,20,4784,479,479,1062
Jam-14,20,4459,437,437,966
Jam-14,20,4415,447,447,955
Jam-14,19,4247,419,419,868
Jam-14,20,4283,437,437,894
Jam-14,20,4631,468,468,977
Jam-14,20,4612,464,464,988
Jam-14,20,4994,496,496,1110
Jam-14,19,4219,410,410,954
Jam-14,20,4814,486,486,1009
Jam-14,20,4911,497,497,935
Jam-14,20,4718,455,455,1071
Jam-14,19,3702,370,370,751
Jam-14,20,4494,435,435,1048
Jam-14,20,4250,434,434,868
Jam-14,20,4385,429,429,946
Jam-14,20,4698,468,468,1041
Jam-14,19,4711,476,476,931
Jam-14,19,4509,454,454,973
Jam-14,20,4383,444,444,932
Jam-14,19,5034,500,500,1060
Jam-14,19,4080,420,420,786
Jam-14,19,3898,385,385,841
Jam-14,20,4110,405,405,908
Jam-15,24,1461,237,237,107
Jam-15,23,1502,244,244,109
Jam-15,23,1508,245,245,106
Jam-15,24,1447,235,235,104
Jam-15,23,1476,240,240,107
Jam-15,23,1436,233,233,102
Jam-15,24,1447,235,235,103
Jam-15,24,1454,236,236,104
Jam-15,23,1466,238,238,104
Jam-15,24,1448,235,235,107
Jam-15,24,1514,246,246,113
Jam-15,24,1463,238,238,107
Jam-15,24,1501,244,244,108
Jam-15,24,1501,244,244,104
Jam-15,23,1469,238,238,109
Jam-15,24,1491,243,243,104
Jam-15,24,1492,242,242,114
Jam-15,23,1445,234,234,102
Jam-15,24,1486,242,242,104
Jam-15,23,1454,236,236,103
Jam-15,24,1494,243,243,110
Jam-15,24,1500,244,244,110
Jam-15,23,1471,239,239,103
Jam-15,23,1438,233,233,102
Jam-15,23,1449,235,235,106
Jam-15,23,1513,246,246,108
Jam-15,24,1459,237,237,108
Jam-15,23,1503,244,244,104
Jam-15,24,1448,235,235,105
Jam-15,24,1486,242,242,107
Jam-15,24,1443,234,234,105
Jam-15,24,1525,248,248,114
Jam-15,23,1445,235,235,104
Jam-15,23,1477,240,240,102
Jam-15,23,1482,241,241,107
Jam-15,23,1453,236,236,102
Jam-15,24,1460,237,237,110
Jam-15,23,1436,233,233,101
Jam-15,24,1511,246,246,110
Jam-15,24,1441,234,234,105
Jam-15,23,1508,245,245,108
Jam-15,23,1446,235,235,102
Jam-15,23,1468,238,238,106
Jam-15,23,1438,233,233,99
Jam-15,23,1508,245,245,106
Jam-15,24,1469,239,239,104
Jam-15,24,1454,236,236,103
Jam-15,24,1448,235,235,105
Jam-15,24,1514,246,246,112
Jam-15,23,1465,238,238,100
Jam-15,24,1520,247,247,113
Jam-15,24,1508,245,245,115
Jam-15,23,1446,235,235,101
Jam-15,24,1487,242,242,106
Jam-15,24,1525,248,248,114
Jam-15,24,1473,239,239,110
Jam-15,24,1449,235,235,105
Jam-15,24,1485,241,241,106
Jam-15,23,1500,244,244,109
Jam-15,24,1513,246,246,109
Jam-15,24,1492,242,242,108
Jam-15,24,1495,243,243,106
Jam-15,23,1491,242,242,106
Jam-15,24,1493,243,243,105
Jam-15,23,1481,241,241,104
Jam-15,24,1505,245,245,114
Jam-15,24,1495,243,243,112
Jam-15,23,1487,242,242,106
Jam-15,24,1479,240,240,110
Jam-15,24,1436,233,233,101
Jam-15,23,1503,244,244,108
Jam-15,24,1464,238,238,107
Jam-15,24,1513,246,246,109
Jam-15,24,1469,239,239,105
Jam-15,23,1452,236,236,100
Jam-15,24,1493,243,243,111
Jam-15,24,1465,238,238,106
Jam-15,24,1436,233,233,101
Jam-15,23,1501,244,244,104
Jam-15,23,1469,238,238,106
Jam-15,23,1463,238,238,101
Jam-15,23,1484,241,241,105
Jam-15,23,1445,234,234,103
Jam-15,23,1502,244,244,109
Jam-15,24,1494,243,243,109
Jam-15,23,1476,240,240,102
Jam-15,23,1498,243,243,106
Jam-15,24,1467,238,238,111
Jam-15,24,1489,242,242,110
Jam-15,24,1448,235,235,106
Jam-15,24,1507,245,245,109
Jam-15,23,1454,236,236,104
Jam-15,24,1477,240,240,110
Jam-15,23,1452,236,236,103
Jam-15,24,1485,241,241,111
Jam-15,24,1496,243,243,110
Jam-15,24,1490,242,242,110
Jam-15,24,1477,240,240,103
Jam-15,23,1460,237,237,101
Jam-15,24,1470,239,239,106
Jam-16,26,5746,706,706,307
Jam-16,25,5611,691,691,279
Jam-16,26,5631,693,693,278
Jam-16,25,5644,693,693,286
Jam-16,25,5710,702,702,301
Jam-16,25,5558,684,684,263
Jam-16,26,5634,694,694,293
Jam-16,26,5754,708,708,297
Jam-16,26,5610,691,691,272
Jam-16,25,5655,696,696,284
Jam-16,25,5681,698,698,293
Jam-16,25,5751,707,707,305
Jam-16,25,5588,687,687,281
Jam-16,25,5713,701,701,300
Jam-16,26,5648,694,694,289
Jam-16,26,5544,684,684,265
Jam-16,26,5738,706,706,297
Jam-16,25,5690,699,699,297
Jam-16,25,5601,690,690,265
Jam-16,25,5792,710,710,320
Jam-16,25,5700,701,701,294
Jam-16,26,5714,703,703,290
Jam-16,25,5812,713,713,312
Jam-16,25,5627,692,692,282
Jam-16,26,5635,693,693,278
Jam-16,25,5713,702,702,292
Jam-16,26,5678,698,698,284
Jam-16,25,5632,694,694,278
Jam-16,26,5753,707,707,298
Jam-16,25,5682,698,698,297
Jam-16,26,5592,689,689,275
Jam-16,26,5743,706,706,295
Jam-16,26,5598,689,689,272
Jam-16,26,5641,694,694,297
Jam-16,26,5634,693,693,284
Jam-16,25,5725,704,704,301
Jam-16,25,5550,683,683,268
Jam-16,25,5691,699,699,298
Jam-16,26,5661,697,697,281
Jam-16,26,5621,692,692,284
Jam-16,26,5551,683,683,265
Jam-16,26,5621,692,692,274
Jam-16,26,5576,687,687,275
Jam-16,25,5584,687,687,275
Jam-16,25,5741,705,705,298
Jam-16,25,5591,687,687,270
Jam-16,26,5606,691,691,279
Jam-16,25,5597,688,688,269
Jam-16,25,5671,697,697,286
Jam-16,25,5664,696,696,286
Jam-16,26,5760,708,708,314
Jam-16,25,5738,705,705,304
Jam-16,25,5701,701,701,288
Jam-16,25,5645,694,694,298
Jam-16,26,5686,698,698,301
Jam-16,26,5663,696,696,298
Jam-16,26,5680,697,697,299
Jam-16,25,5570,685,685,271
Jam-16,25,5660,696,696,284
Jam-16,25,5722,703,703,292
Jam-16,25,5577,687,687,259
Jam-16,25,5577,686,686,261
Jam-16,25,5653,695,695,301
Jam-16,26,5580,687,687,271
Jam-16,25,5673,697,697,290
Jam-16,26,5623,692,692,290
Jam-16,25,5583,686,686,265
Jam-16,25,5598,688,688,280
Jam-16,26,5638,694,694,289
Jam-16,26,5543,683,683,266
Jam-16,25,5628,692,692,286
Jam-16,26,5678,699,699,285
Jam-16,26,5731,705,705,295
Jam-16,25,5674,697,697,295
Jam-16,25,5743,705,705,313
Jam-16,25,5712,702,702,293
Jam-16,25,5699,701,701,283
Jam-16,25,5696,700,700,281
Jam-16,25,5664,696,696,284
Jam-16,26,5670,698,698,299
Jam-16,26,5681,699,699,280
Jam-16,25,5609,690,690,275
Jam-16,26,5642,693,693,287
Jam-16,26,5713,702,702,292
Jam-16,26,5710,702,702,292
Jam-16,26,5727,704,704,301
Jam-16,26,5621,691,691,280
Jam-16,26,5724,703,703,311
Jam-16,25,5673,698,698,289
Jam-16,25,5823,714,714,318
Jam-16,25,5643,694,694,284
Jam-16,25,5631,692,692,287
Jam-16,25,5703,701,701,288
Jam-16,26,5613,691,691,272
Jam-16,25,5602,689,689,280
Jam-16,26,5626,692,692,289
Jam-16,26,5729,704,704,304
Jam-16,26,5725,704,704,297
Jam-16,25,5555,684,684,272
Jam-16,26,5647,695,695,281
Jam-17,28,7839,832,832,314
Jam-17,29,7754,825,825,319
Jam-17,29,7936,845,845,332
Jam-17,28,7727,820,820,280
Jam-17,29,7774,826,826,303
Jam-17,28,7903,840,840,322
Jam-17,29,7929,845,845,334
Jam-17,28,8001,851,851,320
Jam-17,28,7863,835,835,309
Jam-17,28,7725,820,820,300
Jam-17,29,7824,832,832,331
Jam-17,28,7758,824,824,308
Jam-17,29,7777,827,827,313
Jam-17,28,7862,835,835,290
Jam-17,28,7756,823,823,301
Jam-17,29,7811,831,831,307
Jam-17,29,8036,856,856,341
Jam-17,29,7871,838,838,310
Jam-17,29,7958,848,848,329
Jam-17,28,7870,836,836,302
Jam-17,29,7792,829,829,299
Jam-17,29,7997,851,851,329
Jam-17,28,7937,844,844,303
Jam-17,28,7841,833,833,310
Jam-17,29,7879,838,838,296
Jam-17,28,7878,838,838,327
Jam-17,28,7937,844,844,313
Jam-17,28,7979,849,849,335
Jam-17,28,7772,825,825,287
Jam-17,29,7867,836,836,315
Jam-17,28,7803,829,829,317
Jam-17,29,7930,844,844,320
Jam-17,29,7750,824,824,314
Jam-17,28,7989,850,850,310
Jam-17,29,7813,831,831,321
Jam-17,28,7821,832,832,294
Jam-17,28,7966,847,847,315
Jam-17,28,7892,838,838,310
Jam-17,28,7980,848,848,316
Jam-17,28,7972,848,848,315
Jam-17,28,7871,836,836,314
Jam-17,29,7751,825,825,313
Jam-17,29,7871,838,838,318
Jam-17,29,7877,838,838,336
Jam-17,28,7764,825,825,294
Jam-17,29,7923,843,843,311
Jam-17,28,7831,832,832,303
Jam-17,29,7899,841,841,309
Jam-17,28,7854,834,834,302
Jam-17,29,7919,843,843,322
Jam-17,29,7896,840,840,321
Jam-17,29,7823,831,831,309
Jam-17,28,7993,850,850,324
Jam-17,28,7708,819,819,290
Jam-17,29,7888,839,839,311
Jam-17,29,7907,842,842,329
Jam-17,28,7951,845,845,326
Jam-17,29,7907,842,842,323
Jam-17,28,7866,837,837,292
Jam-17,28,7950,845,845,322
Jam-17,28,7852,834,834,317
Jam-17,29,7767,827,827,320
Jam-17,29,7830,833,833,328
Jam-17,29,7894,840,840,342
Jam-17,29,7827,833,833,327
Jam-17,28,7983,849,849,338
Jam-17,28,7849,833,833,309
Jam-17,28,7633,810,810,271
Jam-17,29,7906,841,841,319
Jam-17,28,7939,843,843,312
Jam-17,28,7830,831,831,305
Jam-17,28,7678,815,815,278
Jam-17,28,7933,843,843,310
Jam-17,28,7978,849,849,333
Jam-17,28,7929,843,843,326
Jam-17,28,7995,849,849,323
Jam-17,29,7952,847,847,317
Jam-17,28,7773,825,825,298
Jam-17,29,7810,830,830,288
Jam-17,29,7888,840,840,307
Jam-17,28,7823,831,831,317
Jam-17,28,7742,822,822,293
Jam-17,28,7840,833,833,321
Jam-17,29,7780,827,827,329
Jam-17,28,7793,828,828,292
Jam-17,29,7940,845,845,322
Jam-17,28,7767,824,824,308
Jam-17,29,7798,830,830,324
Jam-17,28,7985,849,849,322
Jam-17,28,7772,825,825,300
Jam-17,28,8001,851,851,324
Jam-17,29,7748,823,823,310
Jam-17,28,7971,847,847,317
Jam-17,29,7781,827,827,328
Jam-17,28,7740,821,821,284
Jam-17,28,7737,822,822,281
Jam-17,29,7807,831,831,324
Jam-17,28,7980,849,849,319
Jam-17,28,8060,857,857,334
Jam-17,28,7791,828,828,305
Jam-18,28,2420,305,305,380
Jam-18,27,2389,301,301,383
Jam-18,30,2262,284,284,371
Jam-18,27,2361,296,296,393
Jam-18,30,2367,297,297,381
Jam-18,30,2331,294,294,360
Jam-18,28,2428,304,304,384
Jam-18,30,2245,281,281,368
Jam-18,26,2431,305,305,394
Jam-18,26,2315,290,290,390
Jam-18,28,2257,283,283,365
Jam-18,30,2259,283,283,369
Jam-18,28,2354,294,294,380
Jam-18,26,2417,304,304,389
Jam-18,28,2327,293,293,358
Jam-18,28,2262,284,284,365
Jam-18,30,2353,296,296,370
Jam-18,28,2343,295,295,387
Jam-18,26,2371,297,297,389
Jam-18,28,2345,295,295,374
Jam-18,27,2462,309,309,398
Jam-18,28,2363,296,296,380
Jam-18,28,2369,298,298,378
Jam-18,26,2444,307,307,389
Jam-18,30,2214,277,277,357
Jam-18,30,2205,276,276,357
Jam-18,30,2423,303,303,394
Jam-18,27,2399,302,302,387
Jam-18,30,2347,294,294,381
Jam-18,30,2350,294,294,371
Jam-18,26,2336,291,291,391
Jam-18,26,2378,300,300,371
Jam-18,28,2227,279,279,359
Jam-18,26,2278,287,287,366
Jam-18,27,2314,289,289,385
Jam-18,30,2348,295,295,367
Jam-18,30,2313,289,289,367
Jam-18,28,2398,301,301,383
Jam-18,28,2384,300,300,382
Jam-18,30,2325,291,291,389
Jam-18,28,2370,297,297,377
Jam-18,27,2438,306,306,400
Jam-18,30,2361,298,298,372
Jam-18,28,2209,276,276,356
Jam-18,30,2268,285,285,373
Jam-18,30,2444,307,307,397
Jam-18,30,2322,293,293,369
Jam-18,30,2323,293,293,370
Jam-18,28,2255,283,283,368
Jam-18,26,2323,292,292,382
Jam-18,30,2365,297,297,371
Jam-18,28,2244,281,281,370
Jam-18,30,2271,285,285,370
Jam-18,28,2417,302,302,384
Jam-18,30,2273,283,283,374
Jam-18,30,2252,282,282,370
Jam-18,26,2375,298,298,381
Jam-18,28,2270,284,284,368
Jam-18,28,2364,297,297,365
Jam-18,27,2313,289,289,374
Jam-18,28,2338,292,292,371
Jam-18,27,2357,297,297,388
Jam-18,28,2307,289,289,376
Jam-18,27,2358,297,297,373
Jam-18,30,2382,300,300,371
Jam-18,28,2338,294,294,364
Jam-18,30,2255,283,283,371
Jam-18,28,2270,285,285,355
Jam-18,28,2402,300,300,382
Jam-18,30,2239,282,282,357
Jam-18,26,2393,301,301,376
Jam-18,30,2255,281,281,371
Jam-18,30,2357,296,296,383
Jam-18,28,2339,294,294,369
Jam-18,26,2395,300,300,387
Jam-18,28,2268,285,285,368
Jam-18,30,2334,292,292,379
Jam-18,30,2291,288,288,377
Jam-18,30,2305,290,290,364
Jam-18,30,2311,289,289,367
Jam-18,30,2443,306,306,394
Jam-18,26,2281,285,285,380
Jam-18,30,2307,290,290,362
Jam-18,30,2264,285,285,362
Jam-18,28,2348,295,295,381
Jam-18,30,2359,297,297,368
Jam-18,30,2390,300,300,381
Jam-18,30,2391,300,300,383
Jam-18,26,2302,288,288,377
Jam-18,30,2241,282,282,366
Jam-18,28,2387,300,300,371
Jam-18,28,2295,286,286,377
Jam-18,30,2278,287,287,375
Jam-18,26,2358,295,295,386
Jam-18,28,2245,280,280,369
Jam-18,28,2450,309,309,391
Jam-18,30,2345,295,295,368
Jam-18,28,2349,294,294,388
Jam-18,28,2423,304,304,392
Jam-18,30,2334,293,293,383
Jam-19,23,3245,432,432,60
Jam-19,23,3213,429,429,51
Jam-19,23,3226,427,427,81
Jam-19,23,3174,422,422,56
Jam-19,23,3153,417,417,72
Jam-19,23,3220,427,427,76
Jam-19,23,3226,426,426,80
Jam-19,23,3169,422,422,56
Jam-19,23,3215,430,430,46
Jam-19,23,3157,418,418,55
Jam-19,23,3271,436,436,62
Jam-19,23,3254,433,433,59
Jam-19,23,3330,442,442,84
Jam-19,23,3253,431,431,83
Jam-19,23,3269,435,435,65
Jam-19,23,3192,424,424,61
Jam-19,23,3170,420,420,66
Jam-19,23,3232,431,431,51
Jam-19,23,3243,432,432,66
Jam-19,23,3198,423,423,71
Jam-19,23,3219,429,429,58
Jam-19,23,3217,430,430,53
Jam-19,23,3185,423,423,59
Jam-19,23,3232,431,431,52
Jam-19,23,3204,427,427,59
Jam-19,23,3244,432,432,58
Jam-19,23,3191,424,424,56
Jam-19,23,3139,416,416,55
Jam-19,23,3151,418,418,59
Jam-19,23,3200,423,423,71
Jam-19,23,3162,421,421,54
Jam-19,23,3113,412,412,51
Jam-19,23,3215,424,424,80
Jam-19,23,3243,433,433,58
Jam-19,23,3246,430,430,81
Jam-19,23,3208,426,426,52
Jam-19,23,3207,422,422,90
Jam-19,23,3268,434,434,75
Jam-19,23,3215,423,423,88
Jam-19,23,3162,418,418,73
Jam-19,23,3230,431,431,55
Jam-19,23,3184,423,423,61
Jam-19,23,3154,417,417,66
Jam-19,23,3221,424,424,87
Jam-19,23,3175,420,420,69
Jam-19,23,3277,439,439,53
Jam-19,23,3164,419,419,63
Jam-19,23,3203,426,426,61
Jam-19,23,3262,435,435,61
Jam-19,23,3267,436,436,52
Jam-19,23,3212,428,428,55
Jam-19,23,3229,429,429,65
Jam-19,23,3241,432,432,69
Jam-19,23,3249,433,433,58
Jam-19,23,3169,421,421,62
Jam-19,23,3184,422,422,66
Jam-19,23,3149,417,417,62
Jam-19,23,3196,424,424,63
Jam-19,23,3213,427,427,65
Jam-19,23,3277,438,438,60
Jam-19,23,3219,430,430,45
Jam-19,23,3293,437,437,70
Jam-19,23,3194,424,424,67
Jam-19,23,3138,415,415,62
Jam-19,23,3153,419,419,51
Jam-19,23,3269,436,436,59
Jam-19,23,3220,428,428,62
Jam-19,23,3223,429,429,62
Jam-19,23,3169,420,420,67
Jam-19,23,3132,415,415,54
Jam-19,23,3185,425,425,46
Jam-19,23,3186,422,422,66
Jam-19,23,3227,430,430,53
Jam-19,23,3192,421,421,78
Jam-19,23,3261,436,436,50
Jam-19,23,3139,415,415,57
Jam-19,23,3223,429,429,60
Jam-19,23,3174,423,423,47
Jam-19,23,3215,429,429,54
Jam-19,23,3144,417,417,53
Jam-19,23,3145,417,417,64
Jam-19,23,3254,433,433,68
Jam-19,23,3178,422,422,64
Jam-19,23,3174,420,420,69
Jam-19,23,3187,424,424,61
Jam-19,23,3239,427,427,79
Jam-19,23,3200,425,425,66
Jam-19,23,3259,429,429,92
Jam-19,23,3214,429,429,60
Jam-19,23,3269,432,432,88
Jam-19,23,3276,434,434,78
Jam-19,23,3229,427,427,72
Jam-19,23,3261,437,437,43
Jam-19,23,3220,427,427,61
Jam-19,23,3177,423,423,47
Jam-19,23,3159,420,420,59
Jam-19,23,3176,423,423,52
Jam-19,23,3169,421,421,58
Jam-19,23,3203,426,426,65
Jam-19,23,3190,425,425,54
Jam-20,10,285,32,32,130
Jam-20,11,217,26,26,110
Jam-20,13,307,39,39,132
Jam-20,10,135,16,16,74
Jam-20,11,223,26,26,116
Jam-20,11,198,25,25,92
Jam-20,12,327,39,39,144
Jam-20,13,390,47,47,167
Jam-20,13,294,37,37,140
Jam-20,12,265,33,33,120
Jam-20,11,221,28,28,100
Jam-20,12,358,43,43,160
Jam-20,11,215,27,27,98
Jam-20,13,317,42,42,126
Jam-20,11,213,24,24,109
Jam-20,11,181,24,24,81
Jam-20,12,252,31,31,120
Jam-20,11,218,26,26,110
Jam-20,11,251,30,30,126
Jam-20,12,284,35,35,133
Jam-20,12,244,29,29,118
Jam-20,13,243,31,31,114
Jam-20,12,192,25,25,98
Jam-20,10,160,20,20,81
Jam-20,11,255,31,31,119
Jam-20,11,232,29,29,108
Jam-20,12,323,40,40,142
Jam-20,11,333,39,39,144
Jam-20,10,186,22,22,99
Jam-20,12,239,29,29,115
Jam-20,12,249,31,31,121
Jam-20,13,231,30,30,106
Jam-20,12,399,50,50,151
Jam-20,13,301,37,37,135
Jam-20,11,181,22,22,97
Jam-20,11,173,22,22,85
Jam-20,12,351,42,42,157
Jam-20,12,300,36,36,140
Jam-20,12,353,41,41,157
Jam-20,11,214,27,27,105
Jam-20,13,413,50,50,173
Jam-20,13,296,38,38,137
Jam-20,11,176,23,23,90
Jam-20,12,296,37,37,139
Jam-20,11,246,29,29,121
Jam-20,12,196,25,25,101
Jam-20,11,301,35,35,138
Jam-20,13,271,36,36,112
Jam-20,11,242,28,28,123
Jam-20,11,241,29,29,117
Jam-20,11,273,32,32,128
Jam-20,11,227,27,27,110
Jam-20,11,207,26,26,96
Jam-20,11,179,24,24,85
Jam-20,12,303,38,38,129
Jam-20,12,274,33,33,131
Jam-20,11,287,34,34,128
Jam-20,13,276,34,34,125
Jam-20,10,134,17,17,68
Jam-20,10,217,24,24,108
Jam-20,12,382,47,47,158
Jam-20,10,149,18,18,77
Jam-20,11,197,25,25,92
Jam-20,11,220,27,27,103
Jam-20,12,257,31,31,123
Jam-20,13,344,44,44,140
Jam-20,11,190,22,22,103
Jam-20,11,234,27,27,112
Jam-20,12,246,30,30,124
Jam-20,13,422,50,50,182
Jam-20,13,301,39,39,132
Jam-20,13,336,42,42,146
Jam-20,12,181,23,23,91
Jam-20,11,181,22,22,95
Jam-20,10,188,21,21,101
Jam-20,11,246,29,29,121
Jam-20,13,284,36,36,132
Jam-20,12,282,35,35,127
Jam-20,12,234,29,29,110
Jam-20,11,286,34,34,129
Jam-20,11,248,29,29,124
Jam-20,13,305,39,39,130
Jam-20,11,221,27,27,106
Jam-20,10,249,28,28,119
Jam-20,11,193,22,22,105
Jam-20,12,233,30,30,106
Jam-20,13,311,39,39,144
Jam-20,12,276,35,35,120
Jam-20,11,226,28,28,114
Jam-20,11,191,24,24,95
Jam-20,12,326,37,37,145
Jam-20,11,153,18,18,89
Jam-20,12,386,49,49,146
Jam-20,13,291,36,36,130
Jam-20,13,232,30,30,106
Jam-20,12,347,40,40,155
Jam-20,12,365,43,43,161
Jam-20,12,286,35,35,125
Jam-20,11,186,24,24,84
Jam-20,13,288,36,36,132
Jam-2,10,234,27,27,115
Jam-2,10,223,26,26,108
Jam-2,10,239,28,28,113
Jam-2,10,244,28,28,119
Jam-2,10,270,31,31,128
Jam-2,10,245,28,28,120
Jam-2,10,229,27,27,109
Jam-2,10,207,24,24,102
Jam-2,10,261,29,29,130
Jam-2,10,274,31,31,133
Jam-2,10,259,29,29,128
Jam-2,10,265,30,30,127
Jam-2,10,222,26,26,107
Jam-2,10,255,30,30,117
Jam-2,10,252,29,29,121
Jam-2,10,218,25,25,108
Jam-2,10,205,24,24,100
Jam-2,10,265,30,30,127
Jam-2,10,276,31,31,133
Jam-2,10,242,27,27,123
Jam-2,10,216,25,25,106
Jam-2,10,274,31,31,132
Jam-2,10,282,32,32,134
Jam-2,10,259,29,29,129
Jam-2,10,274,31,31,131
Jam-2,10,248,28,28,123
Jam-2,10,269,31,31,128
Jam-2,10,262,30,30,129
Jam-2,10,242,28,28,117
Jam-2,10,257,29,29,126
Jam-2,10,280,32,32,133
Jam-2,10,247,28,28,120
Jam-2,10,249,28,28,126
Jam-2,10,238,28,28,111
Jam-2,10,225,25,25,117
Jam-2,10,220,26,26,106
Jam-2,10,225,26,26,110
Jam-2,10,217,25,25,107
Jam-2,10,265,30,30,130
Jam-2,10,258,30,30,121
Jam-2,10,243,28,28,116
Jam-2,10,260,30,30,124
Jam-2,10,217,25,25,108
Jam-2,10,240,27,27,123
Jam-2,10,239,28,28,113
Jam-2,10,259,30,30,123
Jam-2,10,244,28,28,119
Jam-2,10,243,27,27,122
Jam-2,10,249,28,28,125
Jam-2,10,286,33,33,132
Jam-2,10,267,30,30,130
Jam-2,10,218,25,25,108
Jam-2,10,218,25,25,109
Jam-2,10,247,29,29,117
Jam-2,10,226,26,26,110
Jam-2,10,276,31,31,132
Jam-2,10,261,30,30,124
Jam-2,10,235,27,27,115
Jam-2,10,246,28,28,122
Jam-2,10,273,31,31,131
Jam-2,10,238,28,28,113
Jam-2,10,268,31,31,125
Jam-2,10,230,27,27,110
Jam-2,10,257,29,29,126
Jam-2,10,276,31,31,134
Jam-2,10,280,32,32,134
Jam-2,10,257,30,30,122
Jam-2,10,246,29,29,116
Jam-2,10,258,29,29,126
Jam-2,10,242,28,28,117
Jam-2,10,259,30,30,124
Jam-2,10,251,28,28,127
Jam-2,10,258,29,29,127
Jam-2,10,264,30,30,129
Jam-2,10,244,27,27,124
Jam-2,10,238,27,27,118
Jam-2,10,236,27,27,115
Jam-2,10,222,26,26,108
Jam-2,10,241,28,28,115
Jam-2,10,264,30,30,128
Jam-2,10,242,28,28,118
Jam-2,10,275,31,31,134
Jam-2,10,275,31,31,134
Jam-2,10,230,27,27,110
Jam-2,10,239,28,28,115
Jam-2,10,230,26,26,114
Jam-2,10,248,29,29,116
Jam-2,10,271,31,31,131
Jam-2,10,298,34,34,138
Jam-2,10,215,25,25,105
Jam-2,10,267,31,31,125
Jam-2,10,264,30,30,130
Jam-2,10,248,29,29,118
Jam-2,10,265,30,30,131
Jam-2,10,280,32,32,134
Jam-2,10,271,31,31,128
Jam-2,10,265,30,30,130
Jam-2,10,252,29,29,120
Jam-2,10,248,29,29,117
Jam-2,10,231,26,26,116
Jam-21,22,915,145,145,71
Jam-21,22,893,140,140,77
Jam-21,23,910,143,143,74
Jam-21,22,913,144,144,73
Jam-21,23,889,140,140,78
Jam-21,23,911,143,143,75
Jam-21,23,896,141,141,77
Jam-21,22,902,142,142,78
Jam-21,22,855,134,134,71
Jam-21,22,886,141,141,74
Jam-21,22,899,141,141,75
Jam-21,23,931,147,147,72
Jam-21,23,916,144,144,77
Jam-21,22,890,140,140,69
Jam-21,23,891,141,141,67
Jam-21,23,912,143,143,76
Jam-21,23,895,142,142,76
Jam-21,23,883,140,140,75
Jam-21,22,937,147,147,73
Jam-21,23,874,137,137,79
Jam-21,23,905,143,143,73
Jam-21,22,868,136,136,78
Jam-21,22,905,143,143,77
Jam-21,23,891,140,140,70
Jam-21,23,932,147,147,73
Jam-21,22,886,139,139,77
Jam-21,23,923,145,145,75
Jam-21,22,885,139,139,79
Jam-21,23,870,137,137,74
Jam-21,23,937,147,147,73
Jam-21,22,935,148,148,72
Jam-21,22,893,141,141,77
Jam-21,22,915,144,144,71
Jam-21,23,935,147,147,71
Jam-21,23,922,144,144,73
Jam-21,23,935,148,148,72
Jam-21,22,891,139,139,78
Jam-21,23,901,143,143,75
Jam-21,22,889,140,140,76
Jam-21,22,875,138,138,76
Jam-21,22,923,145,145,72
Jam-21,23,873,138,138,73
Jam-21,23,882,138,138,69
Jam-21,22,930,147,147,73
Jam-21,23,875,138,138,74
Jam-21,22,898,142,142,76
Jam-21,23,919,145,145,75
Jam-21,23,895,140,140,77
Jam-21,22,874,137,137,79
Jam-21,23,893,141,141,70
Jam-21,23,859,135,135,71
Jam-21,22,917,144,144,73
Jam-21,22,904,143,143,72
Jam-21,23,876,138,138,74
Jam-21,22,919,144,144,72
Jam-21,22,880,138,138,77
Jam-21,23,930,147,147,71
Jam-21,23,899,142,142,69
Jam-21,22,917,144,144,73
Jam-21,22,905,143,143,72
Jam-21,23,929,146,146,74
Jam-21,22,937,147,147,73
Jam-21,23,886,139,139,69
Jam-21,23,893,140,140,73
Jam-21,23,901,141,141,76
Jam-21,22,937,147,147,73
Jam-21,22,897,142,142,69
Jam-21,22,908,143,143,74
Jam-21,22,910,144,144,73
Jam-21,22,887,140,140,79
Jam-21,22,897,140,140,77
Jam-21,23,925,145,145,74
Jam-21,23,893,140,140,77
Jam-21,22,894,141,141,68
Jam-21,22,875,138,138,75
Jam-21,23,911,144,144,73
Jam-21,23,900,142,142,73
Jam-21,23,926,146,146,74
Jam-21,23,895,141,141,79
Jam-21,22,866,136,136,74
Jam-21,22,916,144,144,76
Jam-21,23,898,141,141,77
Jam-21,22,941,148,148,75
Jam-21,22,912,143,143,76
Jam-21,22,928,145,145,72
Jam-21,23,930,146,146,74
Jam-21,22,899,142,142,70
Jam-21,23,889,141,141,75
Jam-21,23,891,141,141,76
Jam-21,22,899,141,141,72
Jam-21,22,879,138,138,67
Jam-21,22,897,142,142,68
Jam-21,22,916,144,144,71
Jam-21,22,917,144,144,71
Jam-21,22,918,145,145,74
Jam-21,23,918,145,145,73
Jam-21,22,901,142,142,74
Jam-21,22,907,142,142,75
Jam-21,23,907,142,142,74
Jam-21,22,877,138,138,77
Jam-3,15,2078,231,231,161
Jam-3,15,2062,230,230,152
Jam-3,15,1986,222,222,147
Jam-3,15,2078,231,231,161
Jam-3,15,2046,228,228,159
Jam-3,15,2001,223,223,170
Jam-3,15,1987,222,222,157
Jam-3,15,2106,234,234,170
Jam-3,15,2094,233,233,165
Jam-3,15,1997,223,223,151
Jam-3,15,1976,221,221,153
Jam-3,15,1920,215,215,143
Jam-3,15,1960,219,219,150
Jam-3,15,1959,219,219,145
Jam-3,15,2032,227,227,137
Jam-3,15,2022,225,225,167
Jam-3,15,1998,223,223,174
Jam-3,15,2078,231,231,161
Jam-3,15,2022,225,225,166
Jam-3,15,1994,222,222,176
Jam-3,15,1994,223,223,157
Jam-3,15,2076,231,231,157
Jam-3,15,1994,222,222,176
Jam-3,15,1986,221,221,174
Jam-3,15,2051,228,228,166
Jam-3,15,1982,221,221,171
Jam-3,15,2054,229,229,150
Jam-3,15,2056,230,230,143
Jam-3,15,2004,223,223,176
Jam-3,15,1980,221,221,167
Jam-3,15,2040,228,228,139
Jam-3,15,1934,216,216,154
Jam-3,15,2004,223,223,168
Jam-3,15,1992,222,222,171
Jam-3,15,1930,216,216,147
Jam-3,15,2032,227,227,137
Jam-3,15,1993,223,223,144
Jam-3,15,1946,218,218,147
Jam-3,15,1930,216,216,147
Jam-3,15,2084,232,232,159
Jam-3,15,2032,227,227,137
Jam-3,15,2044,228,228,146
Jam-3,15,2078,231,231,161
Jam-3,15,2088,232,232,162
Jam-3,15,2052,229,229,148
Jam-3,15,2078,231,231,161
Jam-3,15,2002,223,223,178
Jam-3,15,2042,228,228,141
Jam-3,15,1938,217,217,149
Jam-3,15,2044,228,228,146
Jam-3,15,1928,216,216,145
Jam-3,15,1994,222,222,176
Jam-3,15,2080,232,232,157
Jam-3,15,1920,215,215,143
Jam-3,15,1992,222,222,172
Jam-3,15,2048,229,229,141
Jam-3,15,1941,217,217,152
Jam-3,15,1936,217,217,147
Jam-3,15,2012,225,225,147
Jam-3,15,1960,219,219,152
Jam-3,15,1976,220,220,171
Jam-3,15,2006,224,224,142
Jam-3,15,2060,230,230,150
Jam-3,15,2048,229,229,141
Jam-3,15,1986,222,222,147
Jam-3,15,2027,226,226,150
Jam-3,15,2088,232,232,162
Jam-3,15,2076,231,231,157
Jam-3,15,2001,223,223,172
Jam-3,15,1956,219,219,145
Jam-3,15,1976,220,220,168
Jam-3,15,2022,225,225,168
Jam-3,15,1978,220,220,172
Jam-3,15,2070,231,231,153
Jam-3,15,1992,223,223,147
Jam-3,15,2014,224,224,174
Jam-3,15,1922,215,215,145
Jam-3,15,2086,232,232,163
Jam-3,15,2060,230,230,150
Jam-3,15,1946,218,218,151
Jam-3,15,1980,221,221,168
Jam-3,15,2036,227,227,176
Jam-3,15,2048,229,229,141
Jam-3,15,1948,218,218,156
Jam-3,15,2088,232,232,162
Jam-3,15,1972,220,220,165
Jam-3,15,2014,225,225,139
Jam-3,15,2062,230,230,152
Jam-3,15,2009,224,224,165
Jam-3,15,1972,220,220,168
Jam-3,15,2066,230,230,168
Jam-3,15,1960,219,219,152
Jam-3,15,2066,230,230,180
Jam-3,15,1984,221,221,170
Jam-3,15,2044,228,228,146
Jam-3,15,2038,227,227,171
Jam-3,15,1948,218,218,156
Jam-3,15,1980,221,221,154
Jam-3,15,2102,234,234,167
Jam-3,15,1964,219,219,163
Jam-4,9,136,22,22,44
Jam-4,9,140,21,21,54
Jam-4,9,110,17,17,44
Jam-4,9,116,19,19,38
Jam-4,9,126,20,20,42
Jam-4,9,122,19,19,46
Jam-4,9,137,22,22,46
Jam-4,9,161,23,23,60
Jam-4,9,160,23,23,60
Jam-4,9,110,17,17,44
Jam-4,9,191,28,28,62
Jam-4,9,162,25,25,49
Jam-4,9,174,26,26,54
Jam-4,9,122,19,19,44
Jam-4,9,103,16,16,42
Jam-4,9,141,22,22,48
Jam-4,9,106,17,17,41
Jam-4,9,141,21,21,55
Jam-4,9,116,18,18,44
Jam-4,9,135,20,20,54
Jam-4,9,137,21,21,54
Jam-4,9,168,25,25,59
Jam-4,9,186,27,27,63
Jam-4,9,175,25,25,65
Jam-4,9,125,19,19,51
Jam-4,9,108,17,17,41
Jam-4,9,158,24,24,50
Jam-4,9,151,23,23,53
Jam-4,9,119,18,18,48
Jam-4,9,156,24,24,52
Jam-4,9,115,18,18,46
Jam-4,9,168,25,25,59
Jam-4,9,165,25,25,55
Jam-4,9,165,25,25,54
Jam-4,9,183,27,27,59
Jam-4,9,164,25,25,52
Jam-4,9,142,22,22,49
Jam-4,9,139,21,21,54
Jam-4,9,140,21,21,55
Jam-4,9,129,19,19,54
Jam-4,9,171,26,26,58
Jam-4,9,116,18,18,45
Jam-4,9,157,24,24,50
Jam-4,9,165,25,25,56
Jam-4,9,157,23,23,59
Jam-4,9,173,26,26,58
Jam-4,9,136,21,21,50
Jam-4,9,170,26,26,52
Jam-4,9,156,24,24,51
Jam-4,9,165,25,25,56
Jam-4,9,153,23,23,56
Jam-4,9,158,24,24,52
Jam-4,9,168,24,24,64
Jam-4,9,157,23,23,58
Jam-4,9,137,21,21,48
Jam-4,9,132,20,20,54
Jam-4,9,157,24,24,51
Jam-4,9,144,23,23,44
Jam-4,9,150,23,23,50
Jam-4,9,175,25,25,65
Jam-4,9,131,20,20,47
Jam-4,9,162,24,24,57
Jam-4,9,141,22,22,47
Jam-4,9,121,20,20,38
Jam-4,9,147,23,23,48
Jam-4,9,130,20,20,50
Jam-4,9,135,20,20,53
Jam-4,9,122,20,20,39
Jam-4,9,108,17,17,41
Jam-4,9,106,17,17,40
Jam-4,9,146,22,22,57
Jam-4,9,134,20,20,56
Jam-4,9,156,23,23,57
Jam-4,9,125,19,19,48
Jam-4,9,119,19,19,44
Jam-4,9,141,21,21,58
Jam-4,9,130,21,21,44
Jam-4,9,144,22,22,52
Jam-4,9,117,18,18,47
Jam-4,9,149,23,23,52
Jam-4,9,173,25,25,64
Jam-4,9,136,20,20,51
Jam-4,9,117,19,19,40
Jam-4,9,122,19,19,45
Jam-4,9,157,24,24,50
Jam-4,9,172,26,26,56
Jam-4,9,146,22,22,53
Jam-4,9,134,20,20,49
Jam-4,9,186,28,28,59
Jam-4,9,145,22,22,50
Jam-4,9,142,21,21,53
Jam-4,9,153,23,23,57
Jam-4,9,142,21,21,55
Jam-4,9,135,20,20,54
Jam-4,9,136,21,21,51
Jam-4,9,162,24,24,54
Jam-4,9,182,26,26,67
Jam-4,9,122,19,19,45
Jam-4,9,135,21,21,50
Jam-4,9,127,19,19,51
Jam-5,9,126,11,11,88
Jam-5,9,148,13,13,98
Jam-5,9,114,10,10,81
Jam-5,9,171,15,15,109
Jam-5,9,154,13,13,105
Jam-5,9,116,10,10,82
Jam-5,9,106,10,10,72
Jam-5,9,138,12,12,96
Jam-5,9,134,11,11,95
Jam-5,9,144,12,12,101
Jam-5,9,118,11,11,79
Jam-5,9,112,10,10,80
Jam-5,9,125,11,11,87
Jam-5,9,171,14,14,111
Jam-5,9,99,9,9,70
Jam-5,9,143,13,13,94
Jam-5,9,146,12,12,101
Jam-5,9,128,11,11,89
Jam-5,9,149,13,13,103
Jam-5,9,136,12,12,94
Jam-5,9,146,13,13,97
Jam-5,9,110,10,10,77
Jam-5,9,130,11,11,92
Jam-5,9,128,11,11,88
Jam-5,9,103,9,9,74
Jam-5,9,137,12,12,94
Jam-5,9,117,10,10,83
Jam-5,9,129,12,12,87
Jam-5,9,143,12,12,99
Jam-5,9,154,13,13,105
Jam-5,9,134,12,12,88
Jam-5,9,158,14,14,103
Jam-5,9,144,13,13,95
Jam-5,9,114,11,11,77
Jam-5,9,129,12,12,87
Jam-5,9,139,12,12,93
Jam-5,9,113,10,10,80
Jam-5,9,257,28,28,130
Jam-5,9,157,13,13,108
Jam-5,9,285,30,30,148
Jam-5,9,137,12,12,96
Jam-5,9,123,11,11,87
Jam-5,9,120,10,10,87
Jam-5,9,121,10,10,86
Jam-5,9,161,13,13,112
Jam-5,9,167,14,14,111
Jam-5,9,256,28,28,132
Jam-5,9,143,12,12,101
Jam-5,9,166,14,14,111
Jam-5,9,108,10,10,74
Jam-5,9,114,11,11,77
Jam-5,9,145,13,13,97
Jam-5,9,157,14,14,103
Jam-5,9,122,10,10,88
Jam-5,9,156,14,14,101
Jam-5,9,166,14,14,110
Jam-5,9,159,13,13,110
Jam-5,9,160,13,13,110
Jam-5,9,119,11,11,81
Jam-5,9,144,12,12,100
Jam-5,9,106,10,10,72
Jam-5,9,126,11,11,87
Jam-5,9,140,12,12,98
Jam-5,9,149,13,13,101
Jam-5,9,101,9,9,71
Jam-5,9,161,14,14,106
Jam-5,9,139,12,12,96
Jam-5,9,141,12,12,99
Jam-5,9,108,10,10,73
Jam-5,9,151,14,14,96
Jam-5,9,107,9,9,78
Jam-5,9,165,15,15,103
Jam-5,9,130,11,11,91
Jam-5,9,109,9,9,78
Jam-5,9,283,30,30,147
Jam-5,9,99,9,9,70
Jam-5,9,157,13,13,108
Jam-5,9,113,10,10,81
Jam-5,9,108,9,9,78
Jam-5,9,117,10,10,82
Jam-5,9,123,11,11,86
Jam-5,9,141,12,12,97
Jam-5,9,110,9,9,80
Jam-5,9,146,12,12,103
Jam-5,9,139,12,12,93
Jam-5,9,112,10,10,79
Jam-5,9,144,12,12,99
Jam-5,9,108,10,10,75
Jam-5,9,148,12,12,102
Jam-5,9,110,10,10,76
Jam-5,9,159,13,13,110
Jam-5,9,161,14,14,107
Jam-5,9,112,10,10,80
Jam-5,9,132,12,12,90
Jam-5,9,116,11,11,79
Jam-5,9,146,12,12,102
Jam-5,9,130,12,12,88
Jam-5,9,153,13,13,103
Jam-5,9,141,12,12,99
Jam-5,9,298,31,31,154
Jam-6,12,645,65,65,213
Jam-6,13,649,66,66,242
Jam-6,13,699,71,71,250
Jam-6,13,622,63,63,218
Jam-6,12,662,67,67,215
Jam-6,13,625,64,64,222
Jam-6,12,680,69,69,227
Jam-6,12,677,69,69,221
Jam-6,12,672,68,68,236
Jam-6,13,717,73,73,240
Jam-6,13,718,73,73,231
Jam-6,13,695,71,71,241
Jam-6,14,618,63,63,237
Jam-6,13,758,77,77,249
Jam-6,13,730,74,74,247
Jam-6,13,707,72,72,231
Jam-6,14,659,67,67,254
Jam-6,12,764,77,77,245
Jam-6,12,685,70,70,221
Jam-6,13,662,67,67,237
Jam-6,12,761,77,77,251
Jam-6,13,691,70,70,258
Jam-6,13,708,72,72,234
Jam-6,13,726,74,74,236
Jam-6,12,641,65,65,221
Jam-6,14,638,65,65,240
Jam-6,14,617,63,63,235
Jam-6,13,726,74,74,240
Jam-6,13,660,67,67,232
Jam-6,13,677,69,69,224
Jam-6,13,660,67,67,238
Jam-6,14,658,67,67,249
Jam-6,13,716,73,73,243
Jam-6,13,725,74,74,233
Jam-6,13,710,72,72,233
Jam-6,14,706,72,72,235
Jam-6,13,611,62,62,229
Jam-6,12,728,74,74,230
Jam-6,12,661,67,67,233
Jam-6,13,708,72,72,248
Jam-6,13,696,71,71,244
Jam-6,13,652,66,66,252
Jam-6,13,671,68,68,226
Jam-6,12,710,72,72,231
Jam-6,13,710,72,72,235
Jam-6,13,730,74,74,243
Jam-6,14,716,73,73,239
Jam-6,13,701,71,71,237
Jam-6,13,733,74,74,241
Jam-6,13,686,70,70,235
Jam-6,14,726,74,74,243
Jam-6,12,737,75,75,235
Jam-6,13,727,74,74,235
Jam-6,12,740,75,75,241
Jam-6,13,634,64,64,236
Jam-6,13,727,74,74,244
Jam-6,13,700,71,71,248
Jam-6,13,651,66,66,229
Jam-6,13,673,68,68,240
Jam-6,13,639,65,65,235
Jam-6,13,641,65,65,224
Jam-6,14,706,72,72,236
Jam-6,13,611,62,62,228
Jam-6,12,622,63,63,212
Jam-6,13,639,65,65,220
Jam-6,12,680,69,69,230
Jam-6,12,612,62,62,196
Jam-6,13,751,76,76,258
Jam-6,13,696,71,71,239
Jam-6,14,648,66,66,251
Jam-6,14,719,73,73,247
Jam-6,12,667,68,68,229
Jam-6,12,677,69,69,230
Jam-6,13,622,63,63,235
Jam-6,14,697,71,71,249
Jam-6,14,650,66,66,252
Jam-6,14,717,73,73,257
Jam-6,14,628,64,64,241
Jam-6,13,731,74,74,247
Jam-6,12,772,78,78,241
Jam-6,12,720,73,73,228
Jam-6,12,741,75,75,241
Jam-6,13,735,75,75,251
Jam-6,12,650,66,66,215
Jam-6,12,631,64,64,216
Jam-6,13,719,73,73,241
Jam-6,13,628,64,64,238
Jam-6,12,614,62,62,210
Jam-6,12,713,72,72,236
Jam-6,13,664,67,67,233
Jam-6,12,639,65,65,216
Jam-6,14,735,75,75,258
Jam-6,12,718,73,73,235
Jam-6,12,671,68,68,228
Jam-6,13,670,68,68,227
Jam-6,13,620,63,63,216
Jam-6,14,748,76,76,263
Jam-6,14,690,70,70,252
Jam-6,12,662,67,67,220
Jam-6,13,688,70,70,239
Jam-7,13,7688,717,717,946
Jam-7,13,7208,669,669,1033
Jam-7,13,7438,687,687,984
Jam-7,13,7121,660,660,1022
Jam-7,13,7545,697,697,1033
Jam-7,13,7526,703,703,986
Jam-7,13,6961,649,649,1003
Jam-7,13,6992,649,649,1007
Jam-7,13,7008,652,652,993
Jam-7,13,6957,649,649,996
Jam-7,13,7198,670,670,1007
Jam-7,13,6740,633,633,952
Jam-7,13,7357,684,684,1029
Jam-7,13,7454,694,694,964
Jam-7,13,6682,624,624,991
Jam-7,13,6921,639,639,1061
Jam-7,13,7188,673,673,979
Jam-7,13,6701,624,624,1003
Jam-7,13,7627,701,701,1054
Jam-7,13,7786,719,719,1064
Jam-7,13,7634,708,708,975
Jam-7,13,7057,656,656,997
Jam-7,13,7341,676,676,1086
Jam-7,13,7529,696,696,1050
Jam-7,13,7336,678,678,1045
Jam-7,13,7526,698,698,1047
Jam-7,13,7936,740,740,961
Jam-7,13,7269,675,675,997
Jam-7,13,7081,661,661,990
Jam-7,13,7200,675,675,992
Jam-7,13,7485,698,698,1033
Jam-7,13,7259,675,675,984
Jam-7,13,7047,659,659,1009
Jam-7,13,6963,642,642,1067
Jam-7,13,7148,660,660,1016
Jam-7,13,7581,703,703,1017
Jam-7,13,8176,753,753,1039
Jam-7,13,6769,632,632,999
Jam-7,13,7345,682,682,986
Jam-7,13,7982,734,734,1055
Jam-7,13,7055,653,653,1048
Jam-7,13,7195,668,668,996
Jam-7,13,7009,654,654,1016
Jam-7,13,7571,702,702,1018
Jam-7,13,6725,629,629,962
Jam-7,13,7346,686,686,957
Jam-7,13,6952,652,652,962
Jam-7,13,7685,711,711,994
Jam-7,13,6782,631,631,994
Jam-7,13,7361,681,681,1018
Jam-7,13,6991,649,649,1038
Jam-7,13,7429,692,692,969
Jam-7,13,7143,668,668,1006
Jam-7,13,7063,658,658,978
Jam-7,13,7708,710,710,1034
Jam-7,13,7200,671,671,996
Jam-7,13,6834,638,638,997
Jam-7,13,7166,667,667,1017
Jam-7,13,7087,661,661,989
Jam-7,13,7177,663,663,1036
Jam-7,13,7928,731,731,1022
Jam-7,13,7843,722,722,1046
Jam-7,13,6961,647,647,987
Jam-7,13,7282,677,677,1024
Jam-7,13,6809,633,633,1009
Jam-7,13,7953,738,738,1010
Jam-7,13,6820,636,636,972
Jam-7,13,7405,687,687,1064
Jam-7,13,7973,739,739,1037
Jam-7,13,6773,633,633,1019
Jam-7,13,7102,658,658,1015
Jam-7,13,6909,644,644,996
Jam-7,13,6817,637,637,1009
Jam-7,13,7445,691,691,1041
Jam-7,13,7250,674,674,1012
Jam-7,13,7104,659,659,1057
Jam-7,13,7750,721,721,960
Jam-7,13,6965,647,647,1026
Jam-7,13,6792,628,628,1051
Jam-7,13,6900,644,644,994
Jam-7,13,6881,641,641,1010
Jam-7,13,6696,624,624,995
Jam-7,13,7025,647,647,1074
Jam-7,13,7823,723,723,1012
Jam-7,13,7698,705,705,1082
Jam-7,13,7195,666,666,1034
Jam-7,13,7107,660,660,1008
Jam-7,13,7796,724,724,1017
Jam-7,13,7133,659,659,1052
Jam-7,13,6738,631,631,975
Jam-7,13,7588,707,707,962
Jam-7,13,7088,661,661,991
Jam-7,13,6814,635,635,990
Jam-7,13,7573,698,698,1011
Jam-7,13,6841,638,638,967
Jam-7,13,8059,741,741,1016
Jam-7,13,7090,658,658,1012
Jam-7,13,7189,668,668,1013
Jam-7,13,7133,663,663,1011
Jam-7,13,6780,632,632,1005
Jam-8,16,412,59,59,97
Jam-8,16,397,56,56,97
Jam-8,14,379,53,53,108
Jam-8,19,595,105,105,124
Jam-8,14,297,42,42,92
Jam-8,19,615,108,108,127
Jam-8,23,773,131,131,136
Jam-8,14,314,44,44,101
Jam-8,14,331,47,47,100
Jam-8,14,332,47,47,101
Jam-8,19,588,104,104,124
Jam-8,19,605,107,107,125
Jam-8,14,305,42,42,103
Jam-8,14,384,53,53,108
Jam-8,19,606,107,107,128
Jam-8,14,379,52,52,111
Jam-8,14,386,53,53,113
Jam-8,19,621,109,109,126
Jam-8,19,594,105,105,122
Jam-8,19,601,106,106,126
Jam-8,19,608,107,107,126
Jam-8,19,601,106,106,126
Jam-8,19,598,106,106,124
Jam-8,14,337,46,46,110
Jam-8,19,589,105,105,117
Jam-8,14,329,46,46,101
Jam-8,14,367,50,50,111
Jam-8,19,616,108,108,127
Jam-8,14,310,41,41,107
Jam-8,16,412,59,59,97
Jam-8,19,606,107,107,123
Jam-8,16,358,52,52,89
Jam-8,14,380,52,52,112
Jam-8,16,402,56,56,106
Jam-8,14,335,47,47,103
Jam-8,19,599,106,106,126
Jam-8,23,735,125,125,138
Jam-8,19,598,106,106,125
Jam-8,19,607,107,107,128
Jam-8,19,578,103,103,118
Jam-8,19,606,107,107,123
Jam-8,19,592,105,105,122
Jam-8,21,688,118,118,133
Jam-8,14,304,43,43,98
Jam-8,14,301,41,41,103
Jam-8,14,327,44,44,111
Jam-8,19,613,108,108,129
Jam-8,19,616,108,108,126
Jam-8,19,623,109,109,129
Jam-8,16,317,45,45,88
Jam-8,19,575,103,103,115
Jam-8,14,378,53,53,107
Jam-8,19,625,109,109,132
Jam-8,14,363,50,50,111
Jam-8,14,377,52,52,108
Jam-8,19,608,107,107,127
Jam-8,14,299,41,41,99
Jam-8,19,591,105,105,124
Jam-8,14,361,49,49,111
Jam-8,21,683,117,117,135
Jam-8,14,354,48,48,116
Jam-8,19,610,107,107,131
Jam-8,14,309,43,43,101
Jam-8,14,303,42,42,99
Jam-8,14,306,41,41,104
Jam-8,19,593,105,105,125
Jam-8,14,375,52,52,105
Jam-8,16,356,51,51,90
Jam-8,19,622,109,109,126
Jam-8,14,371,52,52,104
Jam-8,14,309,43,43,101
Jam-8,21,730,124,124,141
Jam-8,14,298,41,41,97
Jam-8,16,389,55,55,99
Jam-8,19,577,103,103,118
Jam-8,16,392,55,55,99
Jam-8,14,371,51,51,108
Jam-8,19,588,104,104,121
Jam-8,19,584,104,104,118
Jam-8,14,378,53,53,107
Jam-8,14,335,46,46,109
Jam-8,16,412,59,59,98
Jam-8,14,338,46,46,114
Jam-8,14,384,53,53,108
Jam-8,14,377,52,52,108
Jam-8,14,329,45,45,109
Jam-8,19,594,105,105,127
Jam-8,19,567,102,102,115
Jam-8,19,585,104,104,123
Jam-8,16,318,45,45,89
Jam-8,19,613,108,108,125
Jam-8,19,584,104,104,122
Jam-8,14,366,50,50,109
Jam-8,19,577,103,103,121
Jam-8,19,606,107,107,123
Jam-8,14,368,51,51,110
Jam-8,19,616,108,108,129
Jam-8,14,346,48,48,104
Jam-8,19,576,103,103,117
Jam-8,14,371,52,52,105
Jam-9,12,106,16,16,59
Jam-9,12,98,15,15,55
Jam-9,12,124,17,17,74
Jam-9,12,107,17,17,53
Jam-9,12,142,19,19,82
Jam-9,12,117,17,17,66
Jam-9,12,134,19,19,74
Jam-9,12,106,16,16,59
Jam-9,12,130,19,19,71
Jam-9,12,125,17,17,74
Jam-9,12,93,15,15,50
Jam-9,12,143,20,20,75
Jam-9,12,157,23,23,75
Jam-9,12,118,17,17,68
Jam-9,12,98,15,15,55
Jam-9,12,107,16,16,61
Jam-9,12,172,22,22,95
Jam-9,12,134,19,19,74
Jam-9,12,172,22,22,98
Jam-9,12,152,21,21,81
Jam-9,12,117,17,17,66
Jam-9,12,106,15,15,63
Jam-9,12,113,16,16,67
Jam-9,12,149,19,19,89
Jam-9,12,115,16,16,68
Jam-9,12,116,16,16,70
Jam-9,12,106,17,17,55
Jam-9,12,188,25,25,95
Jam-9,12,118,17,17,68
Jam-9,12,124,18,18,68
Jam-9,12,110,16,16,63
Jam-9,12,195,24,24,109
Jam-9,12,129,18,18,73
Jam-9,12,119,17,17,68
Jam-9,12,135,19,19,72
Jam-9,12,98,15,15,55
Jam-9,12,93,15,15,50
Jam-9,12,135,19,19,73
Jam-9,12,98,15,15,55
Jam-9,12,151,20,20,83
Jam-9,12,142,19,19,82
Jam-9,12,130,18,18,74
Jam-9,12,111,17,17,59
Jam-9,12,142,19,19,82
Jam-9,12,124,19,19,61
Jam-9,12,106,16,16,59
Jam-9,12,154,20,20,90
Jam-9,12,126,18,18,71
Jam-9,12,116,17,17,66
Jam-9,12,98,15,15,55
Jam-9,12,116,16,16,70
Jam-9,12,127,18,18,72
Jam-9,12,126,17,17,76
Jam-9,12,131,19,19,69
Jam-9,12,151,20,20,83
Jam-9,12,107,16,16,61
Jam-9,12,113,16,16,67
Jam-9,12,180,24,24,93
Jam-9,12,172,22,22,98
Jam-9,12,119,16,16,73
Jam-9,12,118,17,17,68
Jam-9,12,158,20,20,90
Jam-9,12,129,19,19,66
Jam-9,12,101,15,15,58
Jam-9,12,135,18,18,79
Jam-9,12,112,17,17,60
Jam-9,12,121,18,18,66
Jam-9,12,162,22,22,86
Jam-9,12,119,18,18,63
Jam-9,12,142,19,19,82
Jam-9,12,101,15,15,58
Jam-9,12,124,17,17,74
Jam-9,12,115,16,16,66
Jam-9,12,107,16,16,61
Jam-9,12,149,19,19,89
Jam-9,12,106,16,16,59
Jam-9,12,126,18,18,70
Jam-9,12,178,24,24,91
Jam-9,12,93,15,15,50
Jam-9,12,143,20,20,74
Jam-9,12,135,18,18,79
Jam-9,12,116,17,17,66
Jam-9,12,116,16,16,70
Jam-9,12,132,20,20,65
Jam-9,12,118,17,17,67
Jam-9,12,115,17,17,64
Jam-9,12,93,15,15,50
Jam-9,12,148,19,19,87
Jam-9,12,98,15,15,55
Jam-9,12,135,18,18,79
Jam-9,12,139,20,20,75
Jam-9,12,158,20,20,90
Jam-9,12,122,19,19,63
Jam-9,12,125,17,17,74
Jam-9,12,119,17,17,67
Jam-9,12,127,18,18,71
Jam-9,12,93,15,15,50
Jam-9,12,98,15,15,55
Jam-9,12,116,16,16,70
Jam-9,12,129,17,17,79
Jam-10,19,1536,214,214,256
Jam-10,19,1473,205,205,255
Jam-10,19,1472,208,208,241
Jam-10,19,1442,202,202,250
Jam-10,19,1427,200,200,243
Jam-10,19,1482,207,207,259
Jam-10,19,1455,203,203,261
Jam-10,19,1427,200,200,240
Jam-10,19,1407,196,196,243
Jam-10,19,1448,204,204,239
Jam-10,19,1341,190,190,233
Jam-10,19,1474,206,206,259
Jam-10,19,1319,188,188,214
Jam-10,19,1341,190,190,228
Jam-10,19,1379,195,195,234
Jam-10,19,1343,190,190,230
Jam-10,19,1390,198,198,234
Jam-10,19,1429,201,201,246
Jam-10,19,1337,189,189,219
Jam-10,19,1316,188,188,216
Jam-10,19,1475,204,204,263
Jam-10,19,1425,200,200,255
Jam-10,19,1329,190,190,209
Jam-10,19,1377,194,194,238
Jam-10,19,1318,187,187,222
Jam-10,19,1433,203,203,242
Jam-10,19,1346,192,192,229
Jam-10,19,1325,189,189,221
Jam-10,19,1405,199,199,235
Jam-10,19,1473,205,205,261
Jam-10,19,1285,184,184,211
Jam-10,19,1465,206,206,243
Jam-10,19,1386,195,195,242
Jam-10,19,1277,183,183,211
Jam-10,19,1309,187,187,217
Jam-10,19,1524,212,212,266
Jam-10,19,1445,205,205,241
Jam-10,19,1443,205,205,243
Jam-10,19,1457,205,205,243
Jam-10,19,1381,194,194,240
Jam-10,19,1326,189,189,207
Jam-10,19,1313,189,189,217
Jam-10,19,1357,193,193,226
Jam-10,19,1541,214,214,262
Jam-10,19,1318,188,188,219
Jam-10,19,1485,208,208,251
Jam-10,19,1453,206,206,242
Jam-10,19,1403,197,197,246
Jam-10,19,1401,197,197,237
Jam-10,19,1440,204,204,235
Jam-10,19,1363,194,194,225
Jam-10,19,1402,199,199,238
Jam-10,19,1397,196,196,235
Jam-10,19,1435,202,202,235
Jam-10,19,1446,204,204,233
Jam-10,19,1293,186,186,206
Jam-10,19,1393,198,198,237
Jam-10,19,1416,198,198,248
Jam-10,19,1504,209,209,254
Jam-10,19,1328,190,190,217
Jam-10,19,1332,191,191,211
Jam-10,19,1275,184,184,206
Jam-10,19,1375,194,194,242
Jam-10,19,1419,199,199,244
Jam-10,19,1446,201,201,252
Jam-10,19,1433,200,200,252
Jam-10,19,1401,196,196,242
Jam-10,19,1352,193,193,225
Jam-10,19,1483,208,208,255
Jam-10,19,1456,203,203,251
Jam-10,19,1490,209,209,251
Jam-10,19,1402,198,198,235
Jam-10,19,1418,201,201,239
Jam-10,19,1318,188,188,214
Jam-10,19,1539,214,214,268
Jam-10,19,1360,193,193,237
Jam-10,19,1357,194,194,214
Jam-10,19,1516,211,211,252
Jam-10,19,1506,209,209,263
Jam-10,19,1382,196,196,222
Jam-10,19,1408,197,197,246
Jam-10,19,1442,202,202,249
Jam-10,19,1450,204,204,250
Jam-10,19,1370,195,195,218
Jam-10,19,1485,208,208,258
Jam-10,19,1409,200,200,243
Jam-10,19,1415,202,202,233
Jam-10,19,1379,195,195,232
Jam-10,19,1431,202,202,243
Jam-10,19,1322,191,191,211
Jam-10,19,1474,207,207,256
Jam-10,19,1473,206,206,248
Jam-10,19,1426,200,200,255
Jam-10,19,1399,198,198,237
Jam-10,19,1331,189,189,224
Jam-10,19,1478,208,208,253
Jam-10,19,1401,199,199,224
Jam-10,19,1335,190,190,226
Jam-10,19,1401,197,197,249
Jam-10,19,1360,192,192,229
