Rec(t='1489782576.65', event='start', piece='None', move_nu='0', move='None', instance='Jam-2')|9|6344|64214|16003|419
Rec(t='1489782595.84', event='commit_move', piece='r', move_nu='0', move='(1, 2, 2)', instance='Jam-2')|8|2749|29022|14074|293
Rec(t='1489782597.32', event='commit_move', piece='b', move_nu='1', move='(0, 1, 2)', instance='Jam-2')|7|773|8427|4782|136
Rec(t='1489782599.54', event='commit_move', piece='y', move_nu='2', move='(0, 0, 3)', instance='Jam-2')|6|407|4627|2687|79
Rec(t='1489782625.07', event='commit_move', piece='c', move_nu='3', move='(3, 0, 2)', instance='Jam-2')|5|78|884|589|34
Rec(t='1489782627.05', event='commit_move', piece='M', move_nu='4', move='(4, 0, 2)', instance='Jam-2')|4|30|338|239|19
Rec(t='1489782628.82', event='commit_move', piece='g', move_nu='5', move='(3, 4, 2)', instance='Jam-2')|3|14|159|119|12
Rec(t='1489782630.84', event='commit_move', piece='o', move_nu='6', move='(5, 3, 3)', instance='Jam-2')|2|3|33|29|3
Rec(t='1489782632.94', event='win', piece='r', move_nu='7', move='(4, 2, 2)', instance='Jam-2')|2|0|0|0|0
Rec(t='1489782635.59', event='start', piece='None', move_nu='0', move='None', instance='Jam-3')|15|19610|197049|14677|578
Rec(t='1489782666.75', event='commit_move', piece='w', move_nu='0', move='(3, 0, 3)', instance='Jam-3')|14|10522|102703|10974|572
Rec(t='1489782691.83', event='commit_move', piece='y', move_nu='1', move='(5, 0, 3)', instance='Jam-3')|13|11812|113436|10925|574
Rec(t='1489782712.38', event='commit_move', piece='b', move_nu='2', move='(4, 3, 2)', instance='Jam-3')|12|9924|94508|6503|571
Rec(t='1489782715.43', event='commit_move', piece='l', move_nu='3', move='(1, 3, 2)', instance='Jam-3')|11|7098|65983|4193|511
Rec(t='1489782718.33', event='commit_move', piece='B', move_nu='4', move='(0, 5, 2)', instance='Jam-3')|10|2950|27909|6069|420
Rec(t='1489782723.45', event='commit_move', piece='w', move_nu='5', move='(3, 3, 3)', instance='Jam-3')|9|924|9054|3917|207
Rec(t='1489782733.05', event='commit_move', piece='r', move_nu='6', move='(3, 2, 2)', instance='Jam-3')|8|373|3545|1593|128
Rec(t='1489782737.31', event='commit_move', piece='l', move_nu='7', move='(1, 0, 2)', instance='Jam-3')|7|274|2731|1289|111
Rec(t='1489782741.19', event='commit_move', piece='r', move_nu='8', move='(0, 2, 2)', instance='Jam-3')|6|145|1537|905|73
Rec(t='1489782744.39', event='commit_move', piece='w', move_nu='9', move='(3, 0, 3)', instance='Jam-3')|5|102|1186|767|59
Rec(t='1489782746.39', event='commit_move', piece='b', move_nu='10', move='(0, 3, 2)', instance='Jam-3')|4|51|610|424|28
Rec(t='1489782751.53', event='commit_move', piece='y', move_nu='11', move='(5, 3, 3)', instance='Jam-3')|3|9|108|88|9
Rec(t='1489782753.75', event='commit_move', piece='w', move_nu='12', move='(3, 3, 3)', instance='Jam-3')|2|5|56|47|5
Rec(t='1489782755.2', event='win', piece='r', move_nu='13', move='(4, 2, 2)', instance='Jam-3')|2|0|0|0|0
Rec(t='1489784111.12', event='start', piece='None', move_nu='0', move='None', instance='Jam-16')|22|772928|6234102|364863|1934
Rec(t='1489784133.2', event='commit_move', piece='m', move_nu='0', move='(3, 5, 2)', instance='Jam-16')|21|646867|5783059|187514|1928
Rec(t='1489784134.78', event='commit_move', piece='o', move_nu='1', move='(2, 3, 3)', instance='Jam-16')|20|255820|2325098|58397|1933
Rec(t='1489784139.27', event='commit_move', piece='l', move_nu='2', move='(1, 4, 2)', instance='Jam-16')|19|271225|2519185|28013|1933
Rec(t='1489784140.57', event='commit_move', piece='B', move_nu='3', move='(0, 4, 2)', instance='Jam-16')|19|771919|6814531|232018|1975
Rec(t='1489784145.77', event='commit_move', piece='r', move_nu='4', move='(0, 2, 2)', instance='Jam-16')|18|855084|7458098|288939|1963
Rec(t='1489784148.09', event='commit_move', piece='M', move_nu='5', move='(4, 1, 2)', instance='Jam-16')|17|416898|3621635|165894|1967
Rec(t='1489784150.09', event='commit_move', piece='c', move_nu='6', move='(3, 0, 2)', instance='Jam-16')|16|301720|2779631|102506|1953
Rec(t='1489784151.17', event='commit_move', piece='b', move_nu='7', move='(1, 0, 2)', instance='Jam-16')|17|676449|6186131|173685|1962
Rec(t='1489784160.34', event='commit_move', piece='b', move_nu='8', move='(0, 0, 2)', instance='Jam-16')|16|301702|2777334|103767|1959
Rec(t='1489784161.76', event='commit_move', piece='g', move_nu='9', move='(0, 1, 2)', instance='Jam-16')|15|200893|1882112|121297|1871
Rec(t='1489784163.56', event='commit_move', piece='o', move_nu='10', move='(2, 0, 3)', instance='Jam-16')|14|87780|765948|111199|1598
Rec(t='1489784165.41', event='commit_move', piece='w', move_nu='11', move='(0, 3, 3)', instance='Jam-16')|13|35395|304207|38684|1190
Rec(t='1489784167.8', event='commit_move', piece='y', move_nu='12', move='(5, 3, 3)', instance='Jam-16')|14|48436|405740|36926|1186
Rec(t='1489784181.24', event='commit_move', piece='w', move_nu='13', move='(2, 3, 3)', instance='Jam-16')|15|185225|1503049|191490|1393
Rec(t='1489784182.55', event='commit_move', piece='l', move_nu='14', move='(1, 3, 2)', instance='Jam-16')|16|355064|2834062|374300|1649
Rec(t='1489784185.55', event='commit_move', piece='B', move_nu='15', move='(0, 3, 2)', instance='Jam-16')|15|158248|1314655|205758|1369
Rec(t='1489784195.83', event='commit_move', piece='B', move_nu='16', move='(0, 4, 2)', instance='Jam-16')|16|370015|2933377|382836|1649
Rec(t='1489784197.24', event='commit_move', piece='l', move_nu='17', move='(1, 4, 2)', instance='Jam-16')|15|180251|1463657|279741|1393
Rec(t='1489784198.88', event='commit_move', piece='w', move_nu='18', move='(1, 3, 3)', instance='Jam-16')|14|55101|454323|77672|1184
Rec(t='1489784200.48', event='commit_move', piece='m', move_nu='19', move='(2, 5, 2)', instance='Jam-16')|13|35722|292684|49321|969
Rec(t='1489784202.15', event='commit_move', piece='M', move_nu='20', move='(4, 4, 2)', instance='Jam-16')|12|25904|213236|21677|771
Rec(t='1489784203.38', event='commit_move', piece='w', move_nu='21', move='(2, 3, 3)', instance='Jam-16')|12|38192|312372|35816|737
Rec(t='1489784204.75', event='commit_move', piece='l', move_nu='22', move='(1, 3, 2)', instance='Jam-16')|11|20875|173995|27356|571
Rec(t='1489784205.85', event='commit_move', piece='B', move_nu='23', move='(0, 3, 2)', instance='Jam-16')|10|11887|106409|18433|440
Rec(t='1489784208.83', event='commit_move', piece='m', move_nu='24', move='(0, 5, 2)', instance='Jam-16')|9|3334|29437|8677|257
Rec(t='1489784211.95', event='commit_move', piece='y', move_nu='25', move='(5, 0, 3)', instance='Jam-16')|8|1580|13193|4330|202
Rec(t='1489784213.27', event='commit_move', piece='w', move_nu='26', move='(3, 3, 3)', instance='Jam-16')|7|716|5363|1636|161
Rec(t='1489784215.49', event='commit_move', piece='o', move_nu='27', move='(2, 3, 3)', instance='Jam-16')|6|148|1202|658|88
Rec(t='1489784219.31', event='commit_move', piece='r', move_nu='28', move='(3, 2, 2)', instance='Jam-16')|5|51|471|325|33
Rec(t='1489784220.99', event='commit_move', piece='o', move_nu='29', move='(2, 0, 3)', instance='Jam-16')|4|20|170|115|16
Rec(t='1489784222.62', event='commit_move', piece='m', move_nu='30', move='(2, 5, 2)', instance='Jam-16')|4|38|359|237|26
Rec(t='1489784224.51', event='commit_move', piece='l', move_nu='31', move='(1, 4, 2)', instance='Jam-16')|4|30|265|163|23
Rec(t='1489784225.41', event='commit_move', piece='B', move_nu='32', move='(0, 4, 2)', instance='Jam-16')|4|36|315|180|27
Rec(t='1489784226.69', event='commit_move', piece='w', move_nu='33', move='(0, 3, 3)', instance='Jam-16')|3|8|62|44|8
Rec(t='1489784228.43', event='commit_move', piece='y', move_nu='34', move='(5, 3, 3)', instance='Jam-16')|2|3|23|19|3
Rec(t='1489784229.48', event='win', piece='r', move_nu='35', move='(4, 2, 2)', instance='Jam-16')|2|0|0|0|0
Rec(t='1489782499.77', event='start', piece='None', move_nu='0', move='None', instance='Jam-1')|9|2749|31552|6551|303
Rec(t='1489782551.13', event='commit_move', piece='c', move_nu='0', move='(1, 4, 2)', instance='Jam-1')|8|835|9572|3992|164
Rec(t='1489782554.67', event='commit_move', piece='w', move_nu='1', move='(1, 0, 2)', instance='Jam-1')|7|323|3803|2248|74
Rec(t='1489782560.49', event='commit_move', piece='b', move_nu='2', move='(0, 0, 3)', instance='Jam-1')|6|186|2175|1312|57
Rec(t='1489782562.44', event='commit_move', piece='y', move_nu='3', move='(0, 3, 2)', instance='Jam-1')|5|83|964|608|39
Rec(t='1489782566.0', event='commit_move', piece='B', move_nu='4', move='(0, 5, 3)', instance='Jam-1')|4|42|463|302|25
Rec(t='1489782569.06', event='commit_move', piece='l', move_nu='5', move='(3, 3, 3)', instance='Jam-1')|3|13|127|90|13
Rec(t='1489782571.17', event='commit_move', piece='M', move_nu='6', move='(5, 3, 3)', instance='Jam-1')|2|5|52|42|5
Rec(t='1489782573.06', event='win', piece='r', move_nu='7', move='(4, 2, 2)', instance='Jam-1')|2|0|0|0|0
Rec(t='1489782838.02', event='start', piece='None', move_nu='0', move='None', instance='Jam-6')|10|4786|49509|12186|416
Rec(t='1489782857.2', event='commit_move', piece='r', move_nu='0', move='(0, 2, 2)', instance='Jam-6')|9|1515|15896|8067|279
Rec(t='1489782860.18', event='commit_move', piece='g', move_nu='1', move='(2, 0, 2)', instance='Jam-6')|8|376|4030|2394|93
Rec(t='1489782864.75', event='commit_move', piece='r', move_nu='2', move='(1, 2, 2)', instance='Jam-6')|8|492|5136|2518|114
Rec(t='1489782866.49', event='commit_move', piece='B', move_nu='3', move='(1, 3, 2)', instance='Jam-6')|7|350|3692|1810|98
Rec(t='1489782872.17', event='commit_move', piece='l', move_nu='4', move='(0, 3, 2)', instance='Jam-6')|6|209|2302|1337|59
Rec(t='1489782874.37', event='commit_move', piece='m', move_nu='5', move='(0, 5, 3)', instance='Jam-6')|5|120|1300|784|43
Rec(t='1489782876.72', event='commit_move', piece='w', move_nu='6', move='(3, 3, 3)', instance='Jam-6')|4|39|432|291|25
Rec(t='1489782878.68', event='commit_move', piece='y', move_nu='7', move='(4, 3, 3)', instance='Jam-6')|3|11|123|91|11
Rec(t='1489782880.51', event='commit_move', piece='o', move_nu='8', move='(5, 3, 3)', instance='Jam-6')|2|3|33|28|3
Rec(t='1489782882.24', event='win', piece='r', move_nu='9', move='(4, 2, 2)', instance='Jam-6')|2|0|0|0|0
Rec(t='1489782884.64', event='start', piece='None', move_nu='0', move='None', instance='Jam-7')|14|300604|3241444|83579|2885
Rec(t='1489782916.49', event='commit_move', piece='l', move_nu='0', move='(5, 4, 2)', instance='Jam-7')|13|247181|2621664|191729|2561
Rec(t='1489782919.8', event='commit_move', piece='c', move_nu='1', move='(4, 4, 2)', instance='Jam-7')|12|188465|1983425|238647|2134
Rec(t='1489782924.63', event='commit_move', piece='B', move_nu='2', move='(5, 2, 2)', instance='Jam-7')|11|122952|1323564|287975|1749
Rec(t='1489782926.5', event='commit_move', piece='y', move_nu='3', move='(4, 0, 2)', instance='Jam-7')|10|45519|494695|137080|1538
Rec(t='1489782928.35', event='commit_move', piece='M', move_nu='4', move='(3, 0, 2)', instance='Jam-7')|9|16087|172380|52098|1039
Rec(t='1489782931.47', event='commit_move', piece='r', move_nu='5', move='(2, 2, 2)', instance='Jam-7')|8|7565|81170|23734|792
Rec(t='1489782934.29', event='commit_move', piece='b', move_nu='6', move='(1, 4, 2)', instance='Jam-7')|7|2782|32102|12550|483
Rec(t='1489782938.72', event='commit_move', piece='g', move_nu='7', move='(0, 3, 2)', instance='Jam-7')|7|2825|35904|16448|487
Rec(t='1489782942.71', event='commit_move', piece='r', move_nu='8', move='(1, 2, 2)', instance='Jam-7')|6|763|10046|5629|230
Rec(t='1489782944.62', event='commit_move', piece='M', move_nu='9', move='(3, 2, 2)', instance='Jam-7')|5|133|2043|1490|77
Rec(t='1489782946.91', event='commit_move', piece='y', move_nu='10', move='(0, 0, 2)', instance='Jam-7')|4|68|1176|931|38
Rec(t='1489782948.84', event='commit_move', piece='B', move_nu='11', move='(5, 0, 2)', instance='Jam-7')|3|22|393|333|18
Rec(t='1489782950.93', event='commit_move', piece='M', move_nu='12', move='(3, 0, 2)', instance='Jam-7')|2|4|76|70|4
Rec(t='1489782952.73', event='win', piece='r', move_nu='13', move='(4, 2, 2)', instance='Jam-7')|2|0|0|0|0
Rec(t='1489782756.84', event='start', piece='None', move_nu='0', move='None', instance='Jam-4')|10|162|1281|354|65
Rec(t='1489782776.37', event='commit_move', piece='l', move_nu='0', move='(0, 3, 3)', instance='Jam-4')|9|154|1237|596|66
Rec(t='1489782777.99', event='commit_move', piece='r', move_nu='1', move='(0, 2, 2)', instance='Jam-4')|8|121|1035|557|63
Rec(t='1489782780.06', event='commit_move', piece='b', move_nu='2', move='(2, 0, 2)', instance='Jam-4')|7|90|851|531|47
Rec(t='1489782782.19', event='commit_move', piece='r', move_nu='3', move='(1, 2, 2)', instance='Jam-4')|6|50|498|321|31
Rec(t='1489782784.96', event='commit_move', piece='l', move_nu='4', move='(0, 0, 3)', instance='Jam-4')|5|33|346|233|20
Rec(t='1489782787.03', event='commit_move', piece='w', move_nu='5', move='(0, 3, 3)', instance='Jam-4')|4|19|199|138|14
Rec(t='1489782789.23', event='commit_move', piece='c', move_nu='6', move='(0, 5, 3)', instance='Jam-4')|3|6|65|51|6
Rec(t='1489782791.6', event='commit_move', piece='y', move_nu='7', move='(3, 3, 3)', instance='Jam-4')|2|2|18|16|2
Rec(t='1489782792.98', event='win', piece='r', move_nu='8', move='(4, 2, 2)', instance='Jam-4')|2|0|0|0|0
Rec(t='1489782794.84', event='start', piece='None', move_nu='0', move='None', instance='Jam-5')|10|11341|141996|33429|253
Rec(t='1489782817.39', event='commit_move', piece='b', move_nu='0', move='(1, 0, 2)', instance='Jam-5')|9|5224|65062|33932|211
Rec(t='1489782819.43', event='commit_move', piece='o', move_nu='1', move='(0, 0, 3)', instance='Jam-5')|8|1988|24528|13011|159
Rec(t='1489782821.9', event='commit_move', piece='M', move_nu='2', move='(0, 3, 3)', instance='Jam-5')|7|532|6459|3632|115
Rec(t='1489782824.41', event='commit_move', piece='g', move_nu='3', move='(1, 4, 2)', instance='Jam-5')|6|271|3303|1874|83
Rec(t='1489782826.47', event='commit_move', piece='l', move_nu='4', move='(1, 5, 2)', instance='Jam-5')|5|147|1814|1059|55
Rec(t='1489782828.93', event='commit_move', piece='y', move_nu='5', move='(3, 3, 3)', instance='Jam-5')|4|43|478|306|27
Rec(t='1489782830.69', event='commit_move', piece='w', move_nu='6', move='(4, 3, 3)', instance='Jam-5')|3|11|121|93|10
Rec(t='1489782833.42', event='commit_move', piece='m', move_nu='7', move='(5, 3, 2)', instance='Jam-5')|2|6|73|61|6
Rec(t='1489782834.94', event='win', piece='r', move_nu='8', move='(4, 2, 2)', instance='Jam-5')|2|0|0|0|0
Rec(t='1489783895.08', event='start', piece='None', move_nu='0', move='None', instance='Jam-14')|17|5360|59071|2550|5360
Rec(t='1489783926.68', event='commit_move', piece='B', move_nu='0', move='(0, 1, 2)', instance='Jam-14')|16|4430|47861|2324|4430
Rec(t='1489783929.06', event='commit_move', piece='g', move_nu='1', move='(1, 1, 2)', instance='Jam-14')|15|3723|39840|1911|3723
Rec(t='1489783930.35', event='commit_move', piece='p', move_nu='2', move='(0, 3, 2)', instance='Jam-14')|14|2977|31917|1724|2977
Rec(t='1489783931.93', event='commit_move', piece='o', move_nu='3', move='(2, 3, 2)', instance='Jam-14')|13|2692|28891|1381|2692
Rec(t='1489783933.53', event='commit_move', piece='y', move_nu='4', move='(4, 5, 2)', instance='Jam-14')|12|2274|23920|1191|2274
Rec(t='1489783935.0', event='commit_move', piece='o', move_nu='5', move='(2, 4, 2)', instance='Jam-14')|11|2177|22941|1119|2177
Rec(t='1489783936.48', event='commit_move', piece='p', move_nu='6', move='(2, 3, 2)', instance='Jam-14')|10|2087|22315|1226|2087
Rec(t='1489783938.03', event='commit_move', piece='g', move_nu='7', move='(1, 4, 2)', instance='Jam-14')|9|1898|20554|1187|1898
Rec(t='1489783939.48', event='commit_move', piece='B', move_nu='8', move='(0, 4, 2)', instance='Jam-14')|8|1582|17442|1277|1582
Rec(t='1489783941.13', event='commit_move', piece='r', move_nu='9', move='(0, 2, 2)', instance='Jam-14')|7|1090|12351|1445|1090
Rec(t='1489783942.45', event='commit_move', piece='p', move_nu='10', move='(0, 3, 2)', instance='Jam-14')|6|627|7169|1092|627
Rec(t='1489783950.41', event='commit_move', piece='o', move_nu='11', move='(2, 2, 2)', instance='Jam-14')|7|681|7573|42|681
Rec(t='1489783971.97', event='commit_move', piece='o', move_nu='12', move='(2, 4, 2)', instance='Jam-14')|6|589|6708|1028|589
Rec(t='1489783973.7', event='commit_move', piece='c', move_nu='13', move='(2, 2, 2)', instance='Jam-14')|5|354|4490|781|354
Rec(t='1489783975.48', event='commit_move', piece='b', move_nu='14', move='(4, 0, 2)', instance='Jam-14')|6|665|8233|70|665
Rec(t='1489783978.4', event='commit_move', piece='c', move_nu='15', move='(2, 0, 2)', instance='Jam-14')|7|1112|13018|47|1112
Rec(t='1489783980.69', event='commit_move', piece='r', move_nu='16', move='(2, 2, 2)', instance='Jam-14')|8|1951|23594|13|1951
Rec(t='1489783981.95', event='commit_move', piece='p', move_nu='17', move='(2, 3, 2)', instance='Jam-14')|9|5282|62483|6|5282
Rec(t='1489783983.9', event='commit_move', piece='g', move_nu='18', move='(1, 0, 2)', instance='Jam-14')|9|5136|60708|3298|5136
Rec(t='1489783986.26', event='commit_move', piece='B', move_nu='19', move='(0, 0, 2)', instance='Jam-14')|8|2796|34075|2842|2796
Rec(t='1489783988.32', event='commit_move', piece='r', move_nu='20', move='(0, 2, 2)', instance='Jam-14')|7|1169|14078|1765|1169
Rec(t='1489783989.58', event='commit_move', piece='p', move_nu='21', move='(0, 3, 2)', instance='Jam-14')|6|701|8249|1178|701
Rec(t='1489783990.98', event='commit_move', piece='o', move_nu='22', move='(2, 2, 2)', instance='Jam-14')|5|513|6403|812|513
Rec(t='1489783993.38', event='commit_move', piece='w', move_nu='23', move='(0, 4, 2)', instance='Jam-14')|4|254|3292|707|254
Rec(t='1489783995.23', event='commit_move', piece='y', move_nu='24', move='(0, 5, 2)', instance='Jam-14')|4|288|3831|682|288
Rec(t='1489783997.03', event='commit_move', piece='o', move_nu='25', move='(2, 4, 2)', instance='Jam-14')|3|74|1011|355|74
Rec(t='1489783998.28', event='commit_move', piece='l', move_nu='26', move='(4, 4, 2)', instance='Jam-14')|2|22|326|162|22
Rec(t='1489784000.2', event='commit_move', piece='m', move_nu='27', move='(5, 4, 2)', instance='Jam-14')|2|2|33|28|2
Rec(t='1489784001.71', event='win', piece='r', move_nu='28', move='(4, 2, 2)', instance='Jam-14')|0|0|0|0|0
Rec(t='1489782954.44', event='start', piece='None', move_nu='0', move='None', instance='Jam-8')|12|357|2719|206|357
Rec(t='1489783020.86', event='commit_move', piece='c', move_nu='0', move='(0, 1, 2)', instance='Jam-8')|11|337|2593|339|337
Rec(t='1489783023.31', event='commit_move', piece='b', move_nu='1', move='(0, 0, 2)', instance='Jam-8')|10|272|2155|301|272
Rec(t='1489783042.99', event='commit_move', piece='B', move_nu='2', move='(2, 0, 2)', instance='Jam-8')|9|222|1761|247|222
Rec(t='1489783045.31', event='commit_move', piece='t', move_nu='3', move='(2, 2, 2)', instance='Jam-8')|10|304|2331|1|304
Rec(t='1489783047.84', event='commit_move', piece='o', move_nu='4', move='(2, 4, 3)', instance='Jam-8')|11|304|2331|1|304
Rec(t='1489783049.48', event='commit_move', piece='w', move_nu='5', move='(2, 5, 3)', instance='Jam-8')|10|173|1236|138|173
Rec(t='1489783052.61', event='commit_move', piece='g', move_nu='6', move='(3, 0, 2)', instance='Jam-8')|9|147|1061|129|147
Rec(t='1489783054.43', event='commit_move', piece='M', move_nu='7', move='(4, 0, 2)', instance='Jam-8')|8|111|794|110|111
Rec(t='1489783056.95', event='commit_move', piece='m', move_nu='8', move='(3, 3, 2)', instance='Jam-8')|7|85|602|91|85
Rec(t='1489783070.37', event='commit_move', piece='o', move_nu='9', move='(3, 4, 3)', instance='Jam-8')|6|68|493|96|68
Rec(t='1489783074.66', event='commit_move', piece='w', move_nu='10', move='(3, 5, 3)', instance='Jam-8')|7|127|990|1|127
Rec(t='1489783078.44', event='commit_move', piece='t', move_nu='11', move='(2, 4, 2)', instance='Jam-8')|6|65|528|153|65
Rec(t='1489783080.61', event='commit_move', piece='r', move_nu='12', move='(3, 2, 2)', instance='Jam-8')|5|23|170|79|23
Rec(t='1489783082.86', event='commit_move', piece='t', move_nu='13', move='(2, 2, 2)', instance='Jam-8')|4|11|60|20|11
Rec(t='1489783084.29', event='commit_move', piece='o', move_nu='14', move='(2, 4, 3)', instance='Jam-8')|3|7|34|10|7
Rec(t='1489783085.71', event='commit_move', piece='w', move_nu='15', move='(2, 5, 3)', instance='Jam-8')|2|4|19|7|4
Rec(t='1489783087.48', event='commit_move', piece='y', move_nu='16', move='(5, 3, 3)', instance='Jam-8')|2|1|4|4|1
Rec(t='1489783088.38', event='win', piece='r', move_nu='17', move='(4, 2, 2)', instance='Jam-8')|0|0|0|0|0
Rec(t='1489783090.61', event='start', piece='None', move_nu='0', move='None', instance='Jam-9')|12|268|2168|264|268
Rec(t='1489783116.74', event='commit_move', piece='r', move_nu='0', move='(1, 2, 2)', instance='Jam-9')|11|268|2168|268|268
Rec(t='1489783118.41', event='commit_move', piece='o', move_nu='1', move='(0, 0, 3)', instance='Jam-9')|10|272|2204|274|272
Rec(t='1489783120.18', event='commit_move', piece='w', move_nu='2', move='(0, 3, 3)', instance='Jam-9')|9|266|2164|270|266
Rec(t='1489783122.45', event='commit_move', piece='B', move_nu='3', move='(3, 4, 2)', instance='Jam-9')|8|213|1799|274|213
Rec(t='1489783123.61', event='commit_move', piece='r', move_nu='4', move='(2, 2, 2)', instance='Jam-9')|7|122|1056|227|122
Rec(t='1489783126.36', event='commit_move', piece='w', move_nu='5', move='(1, 3, 3)', instance='Jam-9')|7|250|2528|379|250
Rec(t='1489783158.11', event='commit_move', piece='o', move_nu='6', move='(0, 1, 3)', instance='Jam-9')|7|251|2547|327|251
Rec(t='1489783159.66', event='commit_move', piece='b', move_nu='7', move='(1, 1, 2)', instance='Jam-9')|6|213|2182|316|213
Rec(t='1489783164.85', event='commit_move', piece='c', move_nu='8', move='(1, 0, 2)', instance='Jam-9')|5|106|1104|250|106
Rec(t='1489783166.67', event='commit_move', piece='M', move_nu='9', move='(3, 0, 2)', instance='Jam-9')|4|54|557|153|54
Rec(t='1489783168.4', event='commit_move', piece='g', move_nu='10', move='(3, 1, 2)', instance='Jam-9')|3|26|276|106|26
Rec(t='1489783170.85', event='commit_move', piece='l', move_nu='11', move='(5, 0, 2)', instance='Jam-9')|2|9|93|52|9
Rec(t='1489783172.15', event='commit_move', piece='y', move_nu='12', move='(4, 3, 3)', instance='Jam-9')|2|1|12|12|1
Rec(t='1489783173.35', event='win', piece='r', move_nu='13', move='(4, 2, 2)', instance='Jam-9')|0|0|0|0|0
Rec(t='1489784231.12', event='start', piece='None', move_nu='0', move='None', instance='Jam-17')|24|1651|15665|308|1651
Rec(t='1489784240.15', event='commit_move', piece='c', move_nu='0', move='(1, 1, 2)', instance='Jam-17')|23|1654|15693|322|1654
Rec(t='1489784241.87', event='commit_move', piece='o', move_nu='1', move='(3, 1, 3)', instance='Jam-17')|22|1652|15673|319|1652
Rec(t='1489784243.28', event='commit_move', piece='l', move_nu='2', move='(4, 2, 2)', instance='Jam-17')|21|1653|15681|319|1653
Rec(t='1489784244.89', event='commit_move', piece='m', move_nu='3', move='(5, 2, 2)', instance='Jam-17')|20|1653|15685|322|1653
Rec(t='1489784246.75', event='commit_move', piece='w', move_nu='4', move='(3, 4, 3)', instance='Jam-17')|19|1654|15689|320|1654
Rec(t='1489784248.35', event='commit_move', piece='p', move_nu='5', move='(3, 5, 3)', instance='Jam-17')|18|1651|15665|318|1651
Rec(t='1489784249.69', event='commit_move', piece='B', move_nu='6', move='(2, 4, 2)', instance='Jam-17')|17|1654|15693|321|1654
Rec(t='1489784250.94', event='commit_move', piece='r', move_nu='7', move='(1, 2, 2)', instance='Jam-17')|16|1651|15665|318|1651
Rec(t='1489784253.29', event='commit_move', piece='g', move_nu='8', move='(1, 3, 2)', instance='Jam-17')|15|1651|15665|318|1651
Rec(t='1489784255.91', event='commit_move', piece='b', move_nu='9', move='(0, 4, 2)', instance='Jam-17')|14|1652|15673|319|1652
Rec(t='1489784257.74', event='commit_move', piece='r', move_nu='10', move='(0, 2, 2)', instance='Jam-17')|13|1551|14726|408|1551
Rec(t='1489784258.94', event='commit_move', piece='g', move_nu='11', move='(0, 3, 2)', instance='Jam-17')|12|1124|10608|554|1124
Rec(t='1489784263.26', event='commit_move', piece='B', move_nu='12', move='(2, 2, 2)', instance='Jam-17')|12|1009|9533|429|1009
Rec(t='1489784265.08', event='commit_move', piece='w', move_nu='13', move='(1, 4, 3)', instance='Jam-17')|12|1068|10237|256|1068
Rec(t='1489784266.8', event='commit_move', piece='p', move_nu='14', move='(1, 5, 3)', instance='Jam-17')|12|1088|10459|225|1088
Rec(t='1489784286.17', event='commit_move', piece='c', move_nu='15', move='(0, 1, 2)', instance='Jam-17')|11|1053|10186|251|1053
Rec(t='1489784289.99', event='commit_move', piece='y', move_nu='16', move='(3, 0, 3)', instance='Jam-17')|10|858|8358|314|858
Rec(t='1489784291.47', event='commit_move', piece='B', move_nu='17', move='(2, 0, 2)', instance='Jam-17')|9|483|4653|412|483
Rec(t='1489784292.66', event='commit_move', piece='r', move_nu='18', move='(1, 2, 2)', instance='Jam-17')|8|189|1636|170|189
Rec(t='1489784293.66', event='commit_move', piece='g', move_nu='19', move='(1, 3, 2)', instance='Jam-17')|7|154|1358|162|154
Rec(t='1489784294.93', event='commit_move', piece='b', move_nu='20', move='(0, 2, 2)', instance='Jam-17')|6|104|897|123|104
Rec(t='1489784296.66', event='commit_move', piece='w', move_nu='21', move='(0, 4, 3)', instance='Jam-17')|5|70|593|101|70
Rec(t='1489784297.88', event='commit_move', piece='p', move_nu='22', move='(0, 5, 3)', instance='Jam-17')|4|39|338|88|39
Rec(t='1489784299.29', event='commit_move', piece='o', move_nu='23', move='(3, 3, 3)', instance='Jam-17')|3|21|170|51|21
Rec(t='1489784301.53', event='commit_move', piece='l', move_nu='24', move='(4, 3, 2)', instance='Jam-17')|2|9|79|37|9
Rec(t='1489784303.06', event='commit_move', piece='m', move_nu='25', move='(5, 3, 2)', instance='Jam-17')|2|4|38|26|4
Rec(t='1489784304.7', event='win', piece='r', move_nu='26', move='(4, 2, 2)', instance='Jam-17')|0|0|0|0|0
Rec(t='1489783175.46', event='start', piece='None', move_nu='0', move='None', instance='Jam-10')|17|1360|11775|204|1360
Rec(t='1489783191.08', event='commit_move', piece='r', move_nu='0', move='(3, 2, 2)', instance='Jam-10')|16|1337|11631|235|1337
Rec(t='1489783192.3', event='commit_move', piece='c', move_nu='1', move='(2, 1, 2)', instance='Jam-10')|16|1356|11784|200|1356
Rec(t='1489783206.79', event='commit_move', piece='M', move_nu='2', move='(3, 0, 2)', instance='Jam-10')|15|1335|11623|246|1335
Rec(t='1489783208.05', event='commit_move', piece='y', move_nu='3', move='(5, 0, 3)', instance='Jam-10')|14|1336|11633|248|1336
Rec(t='1489783209.76', event='commit_move', piece='w', move_nu='4', move='(3, 3, 3)', instance='Jam-10')|13|1330|11595|243|1330
Rec(t='1489783213.23', event='commit_move', piece='c', move_nu='5', move='(2, 4, 2)', instance='Jam-10')|12|1264|11042|302|1264
Rec(t='1489783217.51', event='commit_move', piece='B', move_nu='6', move='(3, 1, 2)', instance='Jam-10')|12|1329|11553|223|1329
Rec(t='1489783219.08', event='commit_move', piece='b', move_nu='7', move='(1, 0, 2)', instance='Jam-10')|11|1056|9329|409|1056
Rec(t='1489783221.63', event='commit_move', piece='o', move_nu='8', move='(0, 0, 3)', instance='Jam-10')|10|662|5872|491|662
Rec(t='1489783247.21', event='commit_move', piece='c', move_nu='9', move='(2, 1, 2)', instance='Jam-10')|11|795|6948|9|795
Rec(t='1489783251.76', event='commit_move', piece='w', move_nu='10', move='(0, 3, 3)', instance='Jam-10')|12|854|7382|4|854
Rec(t='1489783287.24', event='commit_move', piece='w', move_nu='11', move='(3, 3, 3)', instance='Jam-10')|11|795|6946|501|795
Rec(t='1489783289.03', event='commit_move', piece='c', move_nu='12', move='(2, 4, 2)', instance='Jam-10')|10|661|5869|493|661
Rec(t='1489783291.3', event='commit_move', piece='w', move_nu='13', move='(0, 3, 3)', instance='Jam-10')|9|404|3493|397|404
Rec(t='1489783293.56', event='commit_move', piece='r', move_nu='14', move='(1, 2, 2)', instance='Jam-10')|8|276|2327|320|276
Rec(t='1489783295.13', event='commit_move', piece='B', move_nu='15', move='(1, 1, 2)', instance='Jam-10')|7|186|1582|261|186
Rec(t='1489783297.15', event='commit_move', piece='g', move_nu='16', move='(3, 1, 2)', instance='Jam-10')|6|90|743|170|90
Rec(t='1489783299.15', event='commit_move', piece='l', move_nu='17', move='(3, 4, 2)', instance='Jam-10')|5|33|283|106|33
Rec(t='1489783300.45', event='commit_move', piece='p', move_nu='18', move='(3, 5, 2)', instance='Jam-10')|4|23|197|78|23
Rec(t='1489783302.43', event='commit_move', piece='y', move_nu='19', move='(5, 3, 3)', instance='Jam-10')|3|13|109|59|13
Rec(t='1489783305.14', event='commit_move', piece='M', move_nu='20', move='(4, 0, 2)', instance='Jam-10')|2|8|71|43|8
Rec(t='1489783306.55', event='commit_move', piece='g', move_nu='21', move='(3, 0, 2)', instance='Jam-10')|2|4|36|24|4
Rec(t='1489783307.89', event='win', piece='r', move_nu='22', move='(4, 2, 2)', instance='Jam-10')|0|0|0|0|0
Rec(t='1489783639.65', event='start', piece='None', move_nu='0', move='None', instance='Jam-13')|16|2353|19984|775|2353
Rec(t='1489783659.76', event='commit_move', piece='g', move_nu='0', move='(1, 3, 2)', instance='Jam-13')|15|2109|18014|1090|2109
Rec(t='1489783661.36', event='commit_move', piece='B', move_nu='1', move='(2, 3, 2)', instance='Jam-13')|14|1948|16695|1121|1948
Rec(t='1489783662.98', event='commit_move', piece='r', move_nu='2', move='(1, 2, 2)', instance='Jam-13')|14|2114|18183|917|2114
Rec(t='1489783665.07', event='commit_move', piece='M', move_nu='3', move='(4, 1, 2)', instance='Jam-13')|14|2741|23910|1177|2741
Rec(t='1489783666.78', event='commit_move', piece='c', move_nu='4', move='(4, 0, 2)', instance='Jam-13')|14|2409|20656|1081|2409
Rec(t='1489783667.95', event='commit_move', piece='b', move_nu='5', move='(1, 0, 2)', instance='Jam-13')|15|3053|26183|2|3053
Rec(t='1489783669.6', event='commit_move', piece='o', move_nu='6', move='(0, 0, 3)', instance='Jam-13')|16|3839|33168|2|3839
Rec(t='1489783684.64', event='commit_move', piece='b', move_nu='7', move='(2, 0, 2)', instance='Jam-13')|16|3578|30481|1086|3578
Rec(t='1489783686.19', event='commit_move', piece='r', move_nu='8', move='(2, 2, 2)', instance='Jam-13')|16|3314|27814|819|3314
Rec(t='1489783688.66', event='commit_move', piece='g', move_nu='9', move='(1, 0, 2)', instance='Jam-13')|17|3411|28520|3|3411
Rec(t='1489783693.0', event='commit_move', piece='p', move_nu='10', move='(0, 5, 2)', instance='Jam-13')|18|4019|34088|4|4019
Rec(t='1489783694.36', event='commit_move', piece='B', move_nu='11', move='(2, 4, 2)', instance='Jam-13')|19|4557|38960|1|4557
Rec(t='1489783695.98', event='commit_move', piece='l', move_nu='12', move='(0, 3, 2)', instance='Jam-13')|20|4559|38967|4|4559
Rec(t='1489783742.15', event='commit_move', piece='g', move_nu='13', move='(1, 1, 2)', instance='Jam-13')|20|4930|42378|933|4930
Rec(t='1489783743.29', event='commit_move', piece='l', move_nu='14', move='(1, 3, 2)', instance='Jam-13')|20|5137|44290|879|5137
Rec(t='1489783744.52', event='commit_move', piece='o', move_nu='15', move='(0, 1, 3)', instance='Jam-13')|19|4616|39705|1317|4616
Rec(t='1489783746.62', event='commit_move', piece='b', move_nu='16', move='(0, 0, 2)', instance='Jam-13')|18|4242|36344|1347|4242
Rec(t='1489783749.64', event='commit_move', piece='c', move_nu='17', move='(2, 0, 2)', instance='Jam-13')|18|4708|40919|1087|4708
Rec(t='1489783786.44', event='restart', piece='M', move_nu='18', move='(4, 1, 2)', instance='Jam-13')|18|4708|40918|1085|4708
Rec(t='1489783787.4', event='start', piece='None', move_nu='0', move='None', instance='Jam-13')|16|2353|19984|775|2353
Rec(t='1489783808.6', event='commit_move', piece='y', move_nu='0', move='(5, 0, 3)', instance='Jam-13')|15|1921|16596|1066|1921
Rec(t='1489783809.85', event='commit_move', piece='l', move_nu='1', move='(4, 3, 2)', instance='Jam-13')|14|1555|13619|1035|1555
Rec(t='1489783811.59', event='commit_move', piece='m', move_nu='2', move='(3, 3, 2)', instance='Jam-13')|14|1488|13076|682|1488
Rec(t='1489783827.96', event='commit_move', piece='g', move_nu='3', move='(1, 3, 2)', instance='Jam-13')|13|1318|11669|991|1318
Rec(t='1489783829.63', event='commit_move', piece='B', move_nu='4', move='(2, 3, 2)', instance='Jam-13')|12|1233|10970|954|1233
Rec(t='1489783831.46', event='commit_move', piece='r', move_nu='5', move='(0, 2, 2)', instance='Jam-13')|11|900|8094|913|900
Rec(t='1489783836.03', event='commit_move', piece='m', move_nu='6', move='(3, 1, 2)', instance='Jam-13')|10|546|5020|781|546
Rec(t='1489783837.85', event='commit_move', piece='l', move_nu='7', move='(3, 3, 2)', instance='Jam-13')|10|464|4343|566|464
Rec(t='1489783838.97', event='commit_move', piece='w', move_nu='8', move='(3, 4, 2)', instance='Jam-13')|10|493|4749|597|493
Rec(t='1489783840.17', event='commit_move', piece='t', move_nu='9', move='(3, 5, 2)', instance='Jam-13')|9|303|2855|537|303
Rec(t='1489783842.24', event='commit_move', piece='y', move_nu='10', move='(5, 3, 3)', instance='Jam-13')|8|142|1276|382|142
Rec(t='1489783843.82', event='commit_move', piece='r', move_nu='11', move='(1, 2, 2)', instance='Jam-13')|9|221|1969|3|221
Rec(t='1489783846.32', event='commit_move', piece='o', move_nu='12', move='(0, 1, 3)', instance='Jam-13')|10|415|3726|2|415
Rec(t='1489783848.19', event='commit_move', piece='p', move_nu='13', move='(0, 5, 2)', instance='Jam-13')|11|859|7934|4|859
Rec(t='1489783851.81', event='commit_move', piece='M', move_nu='14', move='(4, 1, 2)', instance='Jam-13')|10|667|6286|961|667
Rec(t='1489783853.57', event='commit_move', piece='c', move_nu='15', move='(4, 0, 2)', instance='Jam-13')|9|479|4518|805|479
Rec(t='1489783855.14', event='commit_move', piece='b', move_nu='16', move='(2, 0, 2)', instance='Jam-13')|10|684|6469|4|684
Rec(t='1489783871.02', event='commit_move', piece='p', move_nu='17', move='(1, 5, 2)', instance='Jam-13')|9|304|2760|675|304
Rec(t='1489783872.58', event='commit_move', piece='o', move_nu='18', move='(0, 3, 3)', instance='Jam-13')|8|154|1368|441|154
Rec(t='1489783875.05', event='commit_move', piece='r', move_nu='19', move='(0, 2, 2)', instance='Jam-13')|7|88|780|295|88
Rec(t='1489783882.72', event='commit_move', piece='b', move_nu='20', move='(0, 0, 2)', instance='Jam-13')|6|65|607|252|65
Rec(t='1489783886.41', event='commit_move', piece='B', move_nu='21', move='(2, 0, 2)', instance='Jam-13')|5|38|371|171|38
Rec(t='1489783887.54', event='commit_move', piece='m', move_nu='22', move='(3, 0, 2)', instance='Jam-13')|4|19|181|95|19
Rec(t='1489783888.96', event='commit_move', piece='l', move_nu='23', move='(2, 3, 2)', instance='Jam-13')|3|13|130|73|13
Rec(t='1489783890.11', event='commit_move', piece='w', move_nu='24', move='(2, 4, 2)', instance='Jam-13')|2|10|102|59|10
Rec(t='1489783891.73', event='commit_move', piece='M', move_nu='25', move='(4, 3, 2)', instance='Jam-13')|2|5|51|34|5
Rec(t='1489783893.33', event='win', piece='r', move_nu='26', move='(4, 2, 2)', instance='Jam-13')|0|0|0|0|0
Rec(t='1489783577.55', event='start', piece='None', move_nu='0', move='None', instance='Jam-12')|17|1158|10734|128|1158
Rec(t='1489783593.4', event='commit_move', piece='y', move_nu='0', move='(3, 0, 2)', instance='Jam-12')|16|1158|10734|154|1158
Rec(t='1489783594.73', event='commit_move', piece='M', move_nu='1', move='(2, 0, 3)', instance='Jam-12')|15|1158|10734|154|1158
Rec(t='1489783596.25', event='commit_move', piece='w', move_nu='2', move='(0, 3, 3)', instance='Jam-12')|14|1158|10734|154|1158
Rec(t='1489783598.03', event='commit_move', piece='c', move_nu='3', move='(4, 1, 2)', instance='Jam-12')|13|1159|10740|153|1159
Rec(t='1489783616.91', event='commit_move', piece='w', move_nu='4', move='(3, 3, 3)', instance='Jam-12')|12|1158|10734|154|1158
Rec(t='1489783618.73', event='commit_move', piece='l', move_nu='5', move='(3, 5, 3)', instance='Jam-12')|11|1158|10734|154|1158
Rec(t='1489783620.68', event='commit_move', piece='M', move_nu='6', move='(2, 3, 3)', instance='Jam-12')|10|1150|10702|162|1150
Rec(t='1489783622.81', event='commit_move', piece='y', move_nu='7', move='(1, 0, 2)', instance='Jam-12')|9|710|6667|371|710
Rec(t='1489783624.03', event='commit_move', piece='c', move_nu='8', move='(4, 0, 2)', instance='Jam-12')|8|451|4292|317|451
Rec(t='1489783626.15', event='commit_move', piece='r', move_nu='9', move='(3, 2, 2)', instance='Jam-12')|7|290|2825|229|290
Rec(t='1489783628.43', event='commit_move', piece='b', move_nu='10', move='(0, 1, 2)', instance='Jam-12')|6|115|1153|166|115
Rec(t='1489783629.7', event='commit_move', piece='y', move_nu='11', move='(0, 0, 2)', instance='Jam-12')|5|99|993|137|99
Rec(t='1489783631.22', event='commit_move', piece='M', move_nu='12', move='(2, 0, 3)', instance='Jam-12')|4|89|889|111|89
Rec(t='1489783633.17', event='commit_move', piece='w', move_nu='13', move='(0, 3, 3)', instance='Jam-12')|3|27|255|61|27
Rec(t='1489783635.48', event='commit_move', piece='l', move_nu='14', move='(0, 5, 3)', instance='Jam-12')|2|8|73|29|8
Rec(t='1489783637.17', event='commit_move', piece='B', move_nu='15', move='(5, 3, 3)', instance='Jam-12')|2|1|8|8|1
Rec(t='1489783637.95', event='win', piece='r', move_nu='16', move='(4, 2, 2)', instance='Jam-12')|0|0|0|0|0
Rec(t='1489784003.41', event='start', piece='None', move_nu='0', move='None', instance='Jam-15')|23|517|3161|6|517
Rec(t='1489784049.86', event='commit_move', piece='n', move_nu='0', move='(4, 5, 2)', instance='Jam-15')|22|517|3161|7|517
Rec(t='1489784051.05', event='commit_move', piece='t', move_nu='1', move='(2, 5, 2)', instance='Jam-15')|21|517|3161|7|517
Rec(t='1489784052.69', event='commit_move', piece='w', move_nu='2', move='(0, 3, 3)', instance='Jam-15')|20|518|3166|8|518
Rec(t='1489784053.94', event='commit_move', piece='p', move_nu='3', move='(1, 3, 3)', instance='Jam-15')|19|517|3161|7|517
Rec(t='1489784056.69', event='commit_move', piece='r', move_nu='4', move='(0, 2, 2)', instance='Jam-15')|18|518|3166|8|518
Rec(t='1489784067.43', event='commit_move', piece='g', move_nu='5', move='(2, 2, 2)', instance='Jam-15')|17|488|3017|30|488
Rec(t='1489784068.83', event='commit_move', piece='l', move_nu='6', move='(3, 2, 2)', instance='Jam-15')|16|418|2603|64|418
Rec(t='1489784071.73', event='commit_move', piece='m', move_nu='7', move='(2, 4, 2)', instance='Jam-15')|15|313|1932|69|313
Rec(t='1489784073.13', event='commit_move', piece='y', move_nu='8', move='(4, 2, 3)', instance='Jam-15')|14|219|1310|53|219
Rec(t='1489784074.53', event='commit_move', piece='o', move_nu='9', move='(5, 2, 3)', instance='Jam-15')|13|172|1027|54|172
Rec(t='1489784079.72', event='commit_move', piece='B', move_nu='10', move='(4, 1, 2)', instance='Jam-15')|12|125|741|50|125
Rec(t='1489784080.99', event='commit_move', piece='b', move_nu='11', move='(0, 0, 2)', instance='Jam-15')|11|99|594|54|99
Rec(t='1489784082.36', event='commit_move', piece='c', move_nu='12', move='(4, 0, 2)', instance='Jam-15')|10|70|418|60|70
Rec(t='1489784085.67', event='commit_move', piece='g', move_nu='13', move='(2, 0, 2)', instance='Jam-15')|9|38|203|48|38
Rec(t='1489784087.61', event='commit_move', piece='l', move_nu='14', move='(3, 0, 2)', instance='Jam-15')|8|24|102|25|24
Rec(t='1489784094.14', event='commit_move', piece='r', move_nu='15', move='(2, 2, 2)', instance='Jam-15')|7|17|65|15|17
Rec(t='1489784095.49', event='commit_move', piece='w', move_nu='16', move='(0, 2, 3)', instance='Jam-15')|6|13|49|13|13
Rec(t='1489784096.8', event='commit_move', piece='p', move_nu='17', move='(1, 2, 3)', instance='Jam-15')|5|10|37|9|10
Rec(t='1489784098.31', event='commit_move', piece='t', move_nu='18', move='(0, 5, 2)', instance='Jam-15')|4|8|29|8|8
Rec(t='1489784100.23', event='commit_move', piece='n', move_nu='19', move='(2, 5, 2)', instance='Jam-15')|3|6|23|8|6
Rec(t='1489784101.88', event='commit_move', piece='y', move_nu='20', move='(4, 3, 3)', instance='Jam-15')|2|4|16|7|4
Rec(t='1489784103.25', event='commit_move', piece='o', move_nu='21', move='(5, 3, 3)', instance='Jam-15')|2|2|9|6|2
Rec(t='1489784104.37', event='win', piece='r', move_nu='22', move='(4, 2, 2)', instance='Jam-15')|0|0|0|0|0
Rec(t='1489783309.96', event='start', piece='None', move_nu='0', move='None', instance='Jam-11')|25|626|5073|100|626
Rec(t='1489783331.77', event='commit_move', piece='B', move_nu='0', move='(0, 3, 3)', instance='Jam-11')|24|628|5085|113|628
Rec(t='1489783332.95', event='commit_move', piece='r', move_nu='1', move='(0, 2, 2)', instance='Jam-11')|23|627|5081|115|627
Rec(t='1489783334.28', event='commit_move', piece='b', move_nu='2', move='(0, 0, 2)', instance='Jam-11')|24|628|5087|6|628
Rec(t='1489783335.9', event='commit_move', piece='y', move_nu='3', move='(2, 0, 2)', instance='Jam-11')|23|625|5063|112|625
Rec(t='1489783337.95', event='commit_move', piece='w', move_nu='4', move='(1, 3, 3)', instance='Jam-11')|22|629|5093|114|629
Rec(t='1489783340.75', event='commit_move', piece='c', move_nu='5', move='(5, 0, 2)', instance='Jam-11')|22|628|5088|101|628
Rec(t='1489783349.24', event='commit_move', piece='r', move_nu='6', move='(1, 2, 2)', instance='Jam-11')|23|626|5070|8|626
Rec(t='1489783385.84', event='commit_move', piece='r', move_nu='7', move='(0, 2, 2)', instance='Jam-11')|22|628|5090|118|628
Rec(t='1489783387.21', event='commit_move', piece='w', move_nu='8', move='(3, 3, 3)', instance='Jam-11')|21|628|5088|114|628
Rec(t='1489783388.71', event='commit_move', piece='l', move_nu='9', move='(3, 5, 3)', instance='Jam-11')|20|629|5099|119|629
Rec(t='1489783391.3', event='commit_move', piece='y', move_nu='10', move='(2, 4, 2)', instance='Jam-11')|19|625|5063|112|625
Rec(t='1489783393.4', event='commit_move', piece='b', move_nu='11', move='(1, 0, 2)', instance='Jam-11')|18|627|5083|116|627
Rec(t='1489783394.65', event='commit_move', piece='r', move_nu='12', move='(1, 2, 2)', instance='Jam-11')|17|627|5079|116|627
Rec(t='1489783396.7', event='commit_move', piece='B', move_nu='13', move='(0, 0, 3)', instance='Jam-11')|16|619|5035|118|619
Rec(t='1489783407.67', event='restart', piece='None', move_nu='14', move='None', instance='Jam-11')|16|621|5053|106|621
Rec(t='1489783408.9', event='start', piece='None', move_nu='0', move='None', instance='Jam-11')|25|630|5107|103|630
Rec(t='1489783480.01', event='commit_move', piece='B', move_nu='0', move='(0, 3, 3)', instance='Jam-11')|24|627|5081|114|627
Rec(t='1489783481.42', event='commit_move', piece='r', move_nu='1', move='(0, 2, 2)', instance='Jam-11')|23|628|5085|113|628
Rec(t='1489783482.51', event='commit_move', piece='b', move_nu='2', move='(0, 0, 2)', instance='Jam-11')|24|625|5063|9|625
Rec(t='1489783484.41', event='commit_move', piece='y', move_nu='3', move='(2, 0, 2)', instance='Jam-11')|23|627|5083|116|627
Rec(t='1489783486.39', event='commit_move', piece='r', move_nu='4', move='(1, 2, 2)', instance='Jam-11')|24|629|5097|5|629
Rec(t='1489783488.48', event='commit_move', piece='B', move_nu='5', move='(0, 1, 3)', instance='Jam-11')|25|627|5080|7|627
Rec(t='1489783502.13', event='commit_move', piece='l', move_nu='6', move='(0, 5, 3)', instance='Jam-11')|25|632|5122|102|632
Rec(t='1489783503.42', event='commit_move', piece='w', move_nu='7', move='(2, 3, 3)', instance='Jam-11')|24|631|5112|118|631
Rec(t='1489783505.4', event='commit_move', piece='c', move_nu='8', move='(5, 0, 2)', instance='Jam-11')|24|625|5063|98|625
Rec(t='1489783507.24', event='commit_move', piece='l', move_nu='9', move='(3, 5, 3)', instance='Jam-11')|23|625|5063|112|625
Rec(t='1489783509.02', event='commit_move', piece='B', move_nu='10', move='(0, 3, 3)', instance='Jam-11')|22|628|5087|117|628
Rec(t='1489783511.12', event='commit_move', piece='r', move_nu='11', move='(0, 2, 2)', instance='Jam-11')|21|627|5077|112|627
Rec(t='1489783512.35', event='commit_move', piece='w', move_nu='12', move='(3, 3, 3)', instance='Jam-11')|20|628|5086|114|628
Rec(t='1489783518.18', event='commit_move', piece='y', move_nu='13', move='(2, 4, 2)', instance='Jam-11')|19|630|5107|119|630
Rec(t='1489783519.31', event='commit_move', piece='r', move_nu='14', move='(1, 2, 2)', instance='Jam-11')|18|627|5082|118|627
Rec(t='1489783523.84', event='commit_move', piece='b', move_nu='15', move='(1, 0, 2)', instance='Jam-11')|17|625|5063|112|625
Rec(t='1489783525.81', event='commit_move', piece='B', move_nu='16', move='(0, 0, 3)', instance='Jam-11')|16|623|5067|120|623
Rec(t='1489783532.93', event='commit_move', piece='w', move_nu='17', move='(0, 3, 3)', instance='Jam-11')|15|590|4801|149|590
Rec(t='1489783538.07', event='commit_move', piece='M', move_nu='18', move='(3, 2, 3)', instance='Jam-11')|14|468|3713|206|468
Rec(t='1489783540.74', event='commit_move', piece='c', move_nu='19', move='(5, 3, 2)', instance='Jam-11')|14|433|3386|156|433
Rec(t='1489783545.52', event='commit_move', piece='b', move_nu='20', move='(4, 0, 2)', instance='Jam-11')|13|339|2626|190|339
Rec(t='1489783547.11', event='commit_move', piece='M', move_nu='21', move='(3, 0, 3)', instance='Jam-11')|12|260|2012|182|260
Rec(t='1489783548.57', event='commit_move', piece='w', move_nu='22', move='(2, 3, 3)', instance='Jam-11')|12|225|1726|129|225
Rec(t='1489783550.42', event='commit_move', piece='B', move_nu='23', move='(0, 3, 3)', instance='Jam-11')|11|201|1534|139|201
Rec(t='1489783557.91', event='commit_move', piece='c', move_nu='24', move='(5, 1, 2)', instance='Jam-11')|10|192|1458|123|192
Rec(t='1489783559.05', event='commit_move', piece='w', move_nu='25', move='(3, 3, 3)', instance='Jam-11')|9|191|1456|125|191
Rec(t='1489783561.43', event='commit_move', piece='r', move_nu='26', move='(0, 2, 2)', instance='Jam-11')|8|135|1080|152|135
Rec(t='1489783563.6', event='commit_move', piece='y', move_nu='27', move='(2, 0, 2)', instance='Jam-11')|7|87|763|130|87
Rec(t='1489783564.87', event='commit_move', piece='r', move_nu='28', move='(1, 2, 2)', instance='Jam-11')|6|59|549|111|59
Rec(t='1489783566.77', event='commit_move', piece='B', move_nu='29', move='(0, 0, 3)', instance='Jam-11')|5|45|433|101|45
Rec(t='1489783568.68', event='commit_move', piece='w', move_nu='30', move='(0, 3, 3)', instance='Jam-11')|4|32|301|80|32
Rec(t='1489783570.54', event='commit_move', piece='l', move_nu='31', move='(0, 5, 3)', instance='Jam-11')|3|21|198|63|21
Rec(t='1489783572.4', event='commit_move', piece='M', move_nu='32', move='(3, 3, 3)', instance='Jam-11')|2|10|85|32|10
Rec(t='1489783574.17', event='commit_move', piece='c', move_nu='33', move='(5, 4, 2)', instance='Jam-11')|2|2|17|13|2
Rec(t='1489783575.42', event='win', piece='r', move_nu='34', move='(4, 2, 2)', instance='Jam-11')|0|0|0|0|0
